{"type": "FeatureCollection", "features": [{"type": "Feature", "properties": {"zone": "core", "area_ha": 642.6}, "geometry": {"type": "MultiPolygon", "coordinates": [[[[75.82446023889807, 26.916045509713], [75.82445856730102, 26.916039353472534], [75.82422890745721, 26.91608731481457], [75.82446023889807, 26.916045509713]]], [[[75.80926579866208, 26.926584974837176], [75.80926079151705, 26.926585013012126], [75.80925578437198, 26.926585051186894], [75.80925077510435, 26.926585089377674], [75.80924580945864, 26.92658951886443], [75.80924080019079, 26.926589557054854], [75.80923579304552, 26.926589595228915], [75.80923583450932, 26.926593982819824], [75.80923086886264, 26.926598412306067], [75.80922585959439, 26.926598450495977], [75.80922089394711, 26.926602879981882], [75.80922093541037, 26.9266072675728], [75.80921596763996, 26.92661169707472], [75.80921100199171, 26.92661612656029], [75.80921104345461, 26.926620514151207], [75.80920607780578, 26.926624943636607], [75.80920611930368, 26.926629334948977], [75.80920616076641, 26.926633722539883], [75.80920119299427, 26.92663815204131], [75.80920123449198, 26.926642543353672], [75.80920127595454, 26.92664693094458], [75.80920131745226, 26.92665132225694], [75.80920135894999, 26.926655713569293], [75.80920140041259, 26.926660101160188], [75.80920144191033, 26.926664492472536], [75.80920649267951, 26.926668845595774], [75.80920653414229, 26.926673233186662], [75.80920657564026, 26.926677624498996], [75.80921162428764, 26.926681977638204], [75.80921166575067, 26.926686365229074], [75.80921671439863, 26.926690718368082], [75.80922176516957, 26.926695071490716], [75.80922180663299, 26.926699459081572], [75.80922685528193, 26.926703812220186], [75.80923186455485, 26.926703774030145], [75.80923691320437, 26.92670812716839], [75.80924196181911, 26.92671247658498], [75.80924697109238, 26.926712438394393], [75.80924701259197, 26.926716829706656], [75.80925206124265, 26.92672118284432], [75.8092570705163, 26.926721144653367], [75.80926211913238, 26.92672549406921], [75.80926712628363, 26.926725455894076], [75.80927213555745, 26.92672541770258], [75.80927718420945, 26.92672977083931], [75.80928219348344, 26.92672973264746], [75.80928720063486, 26.926729694471604], [75.80929220778626, 26.92672965629558], [75.8092972170602, 26.926729618103195], [75.80930222421159, 26.926729579926818], [75.80930723136298, 26.92672954175026], [75.80931224063691, 26.926729503557333], [75.80931720628594, 26.926725074068248], [75.80932221555967, 26.92672503587497], [75.8093272227108, 26.926724997697715], [75.80933218839422, 26.926720571929565], [75.80933719766773, 26.926720533735764], [75.80934216331538, 26.926716104245827], [75.8093471310852, 26.92671167473953], [75.80935209676724, 26.926707248970708], [75.80935706241372, 26.926702819480255], [75.80936203018238, 26.92669838997346], [75.80936699586326, 26.926693964204123], [75.80936695435906, 26.92668957289199], [75.8093719200042, 26.926685143401038], [75.80937187853498, 26.926680755810352], [75.8093718370306, 26.92667636449821], [75.80937680479754, 26.926671934990914], [75.80937676332816, 26.926667547400225], [75.80937672182361, 26.926663156088082], [75.80937668031908, 26.926658764775944], [75.80937663884971, 26.926654377185237], [75.80937659734519, 26.926649985873087], [75.80937655584067, 26.926645594560934], [75.80937150510138, 26.926641245165342], [75.80937146359707, 26.926636853853182], [75.80937142209278, 26.926632462541004], [75.80936637347685, 26.926628113129023], [75.80936381717709, 26.92662264320411], [75.80927581507473, 26.926584898470573], [75.80927080792969, 26.926584936645874], [75.80926579866208, 26.926584974837176]]], [[[75.80985283732059, 26.926167800260377], [75.80988454692914, 26.926343175129457], [75.80981952658675, 26.92635245065533], [75.80985607516634, 26.926510225822454], [75.8101166475237, 26.927583885251945], [75.81031289141788, 26.928210215508777], [75.81045404728447, 26.92883696589432], [75.81065166641862, 26.929608167738486], [75.80997677772771, 26.929740642114197], [75.8099767361955, 26.929736250804673], [75.80997669466329, 26.92973185949513], [75.80997665316627, 26.929727471907054], [75.80997661163408, 26.929723080597515], [75.80997156069681, 26.929718727507407], [75.80996651188255, 26.92971437440091], [75.80996146098124, 26.929710025031866], [75.80995645369914, 26.92971006323456], [75.80995140488584, 26.929705710127504], [75.80994639548128, 26.929705748346024], [75.80994138819935, 26.929705786548183], [75.80993637879477, 26.929705824766355], [75.80993137151282, 26.929705862968152], [75.80992636423086, 26.92970590116977], [75.80992139635629, 26.929710330697016], [75.80991638907413, 26.92971036889829], [75.80991142116376, 26.929714794703745], [75.80990645541085, 26.9297192242143], [75.80990148965755, 26.929723653724672], [75.80990153118684, 26.929728045034295], [75.80989656327513, 26.92973247083925], [75.80989660480424, 26.92973686214887], [75.80989664633336, 26.9297412534585], [75.80989668782728, 26.929745641046665], [75.80989672935641, 26.929750032356285], [75.80990178029232, 26.92975438544908], [75.80990182178645, 26.929758773037236], [75.80990687060033, 26.929763126146025], [75.80991191941459, 26.92976747925462], [75.80991697031666, 26.929771828625395], [75.80992197760156, 26.92977179042404], [75.80992702853939, 26.929776143515884], [75.80993203582446, 26.929776105314165], [75.8099370431095, 26.92977606711227], [75.80994205251719, 26.929776028894015], [75.80994209404811, 26.929780420203556], [75.80994213554386, 26.929784807791652], [75.8099421770748, 26.92978919910119], [75.80994221860576, 26.92979359041072], [75.80994726738753, 26.929797939796533], [75.80994730891868, 26.929802331106053], [75.80994735044986, 26.929806722415574], [75.80994739194584, 26.929811110003648], [75.80994743347703, 26.929815501313165], [75.80994747500823, 26.92981989262267], [75.80995252591403, 26.929824241992055], [75.80995256744544, 26.929828633301554], [75.80995260897686, 26.929833024611057], [75.80995265047308, 26.9298374121991], [75.80995269200452, 26.92984180350859], [75.80995273353595, 26.929846194818083], [75.80995277503219, 26.929850582406118], [75.80995782385216, 26.9298549355129], [75.80995786538382, 26.929859326822374], [75.80995790688027, 26.9298637144104], [75.80995794841195, 26.92986810571987], [75.80995798994363, 26.929872497029343], [75.80995803144012, 26.929876884617357], [75.80995807297181, 26.92988127592682], [75.80996312179337, 26.929885629033354], [75.80996316329008, 26.929890016621354], [75.809963204822, 26.9298944079308], [75.80996324635392, 26.92989879924025], [75.80996328785064, 26.92990318682824], [75.80996332938258, 26.92990757813768], [75.80996337091453, 26.929911969447115], [75.80996842182512, 26.92991631881577], [75.80996846335727, 26.929920710125188], [75.80996850488944, 26.929925101434613], [75.80996854638641, 26.92992948902258], [75.80996858791859, 26.929933880331998], [75.80996862945076, 26.92993827164141], [75.80996867094777, 26.92994265922938], [75.80997371977253, 26.929947012335425], [75.80997376130493, 26.929951403644825], [75.80997380280215, 26.929955791232775], [75.80997384433456, 26.92996018254217], [75.809973885867, 26.929964573851564], [75.80997392736424, 26.929968961439506], [75.80997396889667, 26.92997335274889], [75.80997401042913, 26.92997774405827], [75.80997906134311, 26.92998209342643], [75.80997910287577, 26.929986484735792], [75.80997914440846, 26.929990876045167], [75.80997918590593, 26.92999526363308], [75.80997922743862, 26.929999654942446], [75.80997926897132, 26.93000404625181], [75.80997931046882, 26.930008433839717], [75.80998435929696, 26.930012786945266], [75.80998440082988, 26.930017178254616], [75.80998444232759, 26.93002156584251], [75.80998448386052, 26.93002595715185], [75.80998452539346, 26.930030348461194], [75.8099845668912, 26.930034736049073], [75.80998460842414, 26.930039127358416], [75.80998464995712, 26.930043518667738], [75.80998469145489, 26.930047906255624], [75.80998974028503, 26.930052259360906], [75.80998978181822, 26.930056650670224], [75.8099898233162, 26.930061038258092], [75.8099898648494, 26.930065429567403], [75.8100418979492, 26.93027138316235], [75.81005228840317, 26.930310817350936], [75.81013044227998, 26.930630720369418], [75.8101254328348, 26.930630758595207], [75.81012046701612, 26.93063518439197], [75.81011550123226, 26.93063961391002], [75.81011053332537, 26.9306440434441], [75.81011057482888, 26.930648431031454], [75.81010560904406, 26.930652860549174], [75.81010565058259, 26.930657251857976], [75.81010569208593, 26.930661639445333], [75.81010573362448, 26.930666030754132], [75.81010577516304, 26.93067042206293], [75.8101058166664, 26.930674809650277], [75.81011086552965, 26.930679162750128], [75.81011090706842, 26.930683554058913], [75.81011595801974, 26.930687903420914], [75.81012100688397, 26.930692256520366], [75.81012605574861, 26.930696609619623], [75.8101310651967, 26.930696571393753], [75.8101361140267, 26.930700920771194], [75.81014112347498, 26.930700882544954], [75.81014613080059, 26.930700844334737], [75.81015113812619, 26.930700806124342], [75.81015614757443, 26.93070076789757], [75.81016115490002, 26.930700729686826], [75.8101661228425, 26.93069630387244], [75.81017113016787, 26.930696265661332], [75.81017609595193, 26.93069183614136], [75.81018106385822, 26.930687406605017], [75.81018602967671, 26.930682980806147], [75.81018598813503, 26.93067858949745], [75.81019095391773, 26.93067415997697], [75.81019091241107, 26.93066977238972], [75.81039563524128, 26.930638635978415], [75.81065899875813, 26.930912059863772], [75.81083012774599, 26.93152980119625], [75.81109101019265, 26.931576101884097], [75.81131224331469, 26.931666610062972], [75.81156903376387, 26.931809530800038], [75.81218390474189, 26.932213140522965], [75.81222906082752, 26.932221574799563], [75.81228911849492, 26.932216723971944], [75.81246912291604, 26.932184617296546], [75.81259403745227, 26.932152928032306], [75.81262412765459, 26.932157089510095], [75.81263948494203, 26.932192093869077], [75.81264991812822, 26.932235919136456], [75.81265025113741, 26.93227103841094], [75.81265170809829, 26.932424689421307], [75.81269268951556, 26.93252096561229], [75.81279497786792, 26.932744092660283], [75.81284643446976, 26.932888581628635], [75.8129587821055, 26.933116023202583], [75.81312605391301, 26.93332548161745], [75.81320681044576, 26.93339072306641], [75.8132820597472, 26.933403318314603], [75.813793278634, 26.933438918230493], [75.81433496361402, 26.93351818422308], [75.81534901379506, 26.933760667413328], [75.81591144306813, 26.93391440717779], [75.81648447787767, 26.934129527335543], [75.8168767122824, 26.934293352791546], [75.81724453535975, 26.934523216618345], [75.81777379645496, 26.934874770654847], [75.81785405472107, 26.93488732866485], [75.81816073479803, 26.935007899274513], [75.81834742544943, 26.93515134629498], [75.81863090697823, 26.9354652770556], [75.81880240464417, 26.935591277553737], [75.81887861907035, 26.935704843512347], [75.81892002572168, 26.935845015771843], [75.81897691792655, 26.936033365494087], [75.81907383738618, 26.936217015569515], [75.81915005036032, 26.936330577650768], [75.81921103136084, 26.936422306269215], [75.81928674408294, 26.93648319132442], [75.8193121631981, 26.936522509073313], [75.81931245645264, 26.936553240691197], [75.81931283347951, 26.936592751176228], [75.81931321050706, 26.936632261661032], [75.81940891391727, 26.93668859744517], [75.81966126291954, 26.936888613347485], [75.81990393081, 26.9371238250975], [75.82007088597587, 26.9372981555584], [75.82026342693848, 26.937529364831033], [75.82032386436401, 26.937564021000483], [75.82044440171587, 26.937598214100237], [75.82053438593208, 26.937579961745346], [75.82067929665999, 26.937543719595006], [75.82078990066053, 26.937586772179486], [75.82090547251622, 26.93762539476808], [75.82091052422322, 26.93762974744456], [75.8209155318405, 26.937629708845385], [75.82092054158053, 26.93762967022967], [75.82092554919778, 26.937629631630138], [75.8209305987474, 26.9376339806008], [75.8209356084876, 26.937633941984544], [75.82094061610502, 26.937633903384484], [75.82094562584521, 26.937633864767868], [75.82095067543133, 26.937638217459234], [75.82095568304892, 26.937638178858624], [75.8209606927893, 26.937638140241468], [75.82096570040687, 26.937638101640506], [75.82097071014721, 26.937638063023], [75.82097571776477, 26.937638024421677], [75.82098072538233, 26.93763798582018], [75.82098577709272, 26.937642338493887], [75.82099078471045, 26.937642299892026], [75.82099579445094, 26.937642261273627], [75.82100080206864, 26.937642222671414], [75.82100580968634, 26.937642184069023], [75.82101081942682, 26.937642145450084], [75.8210158270445, 26.93764210684734], [75.82102083466218, 26.93764206824442], [75.82102584440263, 26.937642029624953], [75.82103085202029, 26.93764199102167], [75.8210358617607, 26.937641952401847], [75.82104086937835, 26.937641913798217], [75.82104587699598, 26.9376418751944], [75.82105088673639, 26.93764183657405], [75.821055894354, 26.937641797969874], [75.8210609040944, 26.93764175934917], [75.821065911712, 26.937641720744644], [75.8210708773562, 26.9376372908483], [75.82107588709637, 26.937637252227063], [75.82108089471375, 26.93763721362201], [75.82108590233113, 26.93763717501679], [75.82109091207127, 26.937637136395008], [75.82109591968863, 26.93763709778943], [75.82110092942874, 26.937637059167304], [75.82110589507136, 26.93763262926976], [75.82111090268849, 26.93763259066365], [75.8211159124284, 26.93763255204099], [75.82112092004552, 26.937632513434526], [75.82112588784548, 26.93762808724137], [75.82113089546239, 26.937628048634554], [75.8211359030793, 26.937628010027563], [75.82114091281896, 26.93762797140402], [75.82114587845957, 26.937623541505108], [75.82115088819903, 26.937623502881227], [75.8211558958157, 26.93762346427353], [75.82116086145554, 26.937619034374105], [75.82116587119476, 26.93761899574969], [75.82117087881123, 26.937618957141456], [75.82117584448584, 26.93761453096296], [75.82118085422485, 26.93761449233802], [75.82118581986329, 26.937610062437738], [75.82119082960209, 26.93761002381245], [75.82119583721813, 26.93760998520335], [75.82120084483414, 26.93760994659407], [75.82120585457292, 26.93760990796824], [75.82121086218893, 26.937609869358607], [75.82121587192769, 26.937609830732427], [75.82122083756452, 26.93760540083095], [75.82122584518031, 26.937605362220786], [75.82123085491885, 26.93760532359408], [75.82123586253462, 26.937605284983565], [75.82124083032882, 26.937600858786467], [75.82124583794437, 26.937600820175607], [75.82125084555992, 26.937600781564555], [75.82125585529822, 26.937600742936965], [75.82126082093306, 26.93759631303412], [75.82126583067117, 26.93759627440618], [75.82127083828648, 26.937596235794437], [75.82127580392054, 26.937591805891074], [75.82128081365842, 26.93759176726261], [75.82128577932747, 26.937587341080345], [75.82129078906513, 26.93758730245153], [75.82129579668003, 26.937587263838896], [75.8213007623127, 26.937582833934687], [75.82130577205014, 26.93758279530534], [75.82131073768224, 26.937578365400796], [75.82131574741948, 26.9375783267711], [75.82132071308654, 26.93757390058764], [75.8213257207008, 26.93757386197397], [75.82133068845447, 26.937569432052364], [75.82133569606852, 26.937569393438338], [75.82134066169883, 26.93756496353277], [75.82134567143542, 26.937564924902027], [75.82135063710074, 26.937560498717545], [75.82135560485283, 26.9375560687951], [75.82136061246626, 26.937556030180204], [75.82136557809501, 26.937551600273785], [75.8213705458817, 26.937547174072254], [75.82137555349472, 26.937547135456843], [75.82138052124525, 26.93754270553354], [75.82138548687263, 26.937538275626437], [75.8213904525352, 26.9375338494406], [75.82139546227036, 26.937533810808123], [75.82140042789676, 26.937529380900514], [75.82140539352277, 26.937524950992735], [75.82140535157218, 26.93752056342285], [75.82141031932038, 26.937516133498534], [75.82141528494543, 26.93751170359042], [75.82141524299448, 26.93750731602054], [75.82142021074173, 26.937502886095892], [75.82142016875503, 26.937498494804576], [75.82142513441451, 26.937494068617564], [75.82143010003801, 26.937489638708954], [75.82143005805095, 26.937485247417634], [75.82143502583223, 26.937480821213928], [75.82143498384498, 26.93747642992261], [75.82143994946735, 26.937472000013667], [75.8214399075155, 26.93746761244379], [75.82144487526006, 26.93746318251831], [75.82144984088146, 26.937458752609025], [75.82144979892925, 26.937454365039148], [75.82144975694146, 26.937449973747835], [75.82145472256211, 26.937445543838408], [75.82145468060973, 26.937441156268516], [75.82145964835257, 26.93743672634254], [75.82146461397224, 26.937432296432767], [75.82157358302099, 26.937304136403267], [75.82157859062298, 26.93730409778088], [75.82157854863044, 26.937299706489625], [75.82158351639785, 26.937295280280882], [75.82158848200652, 26.93729085036691], [75.8215934476148, 26.937286420452768], [75.82159841538105, 26.937281994243516], [75.82160338098856, 26.93727756432904], [75.82160834871844, 26.937273134398026], [75.82161331432518, 26.93726870448321], [75.82161827996713, 26.937264278289653], [75.82162324769583, 26.937259848358124], [75.8216282133014, 26.937255418442806], [75.82163322302394, 26.93725537980217], [75.82163818866451, 26.937250953607933], [75.82164315426908, 26.937246523692103], [75.82164812199606, 26.937242093759732], [75.82165312959522, 26.93724205513477], [75.82165809735719, 26.93723762892348], [75.82166310495613, 26.93723759029817], [75.82166807055916, 26.93723316038149], [75.82167303828454, 26.937228730448272], [75.82167804588309, 26.937228691822433], [75.8216830115207, 26.937224265626675], [75.8216880212418, 26.937224226984114], [75.82169298684325, 26.937219797066582], [75.82169799656413, 26.93721975842368], [75.82170296216499, 26.937215328505808], [75.82170796976288, 26.93721528987892], [75.82171297948355, 26.937215251235493], [75.82171794511922, 26.93721082503854], [75.82172295483966, 26.937210786394758], [75.82172792043913, 26.937206356476032], [75.82173292803661, 26.937206317848272], [75.82173793775684, 26.93720627920396], [75.82174294535429, 26.93720624057585], [75.82174791095277, 26.937201810656436], [75.82175292067278, 26.937201772011598], [75.82175792827002, 26.937201733382956], [75.82176293799002, 26.937201694737755], [75.8217679036231, 26.937197268539098], [75.82177291122011, 26.937197229909934], [75.82177792093988, 26.93719719126421], [75.82178292853689, 26.93719715263469], [75.82178793825665, 26.937197113988606], [75.82179290385294, 26.937192684067657], [75.8217979114497, 26.937192645437612], [75.82180292116925, 26.937192606791005], [75.821807928766, 26.937192568160597], [75.82181293636278, 26.937192529530012], [75.82181794608229, 26.93719249088288], [75.82182295367902, 26.937192452251928], [75.82182796339852, 26.937192413604436], [75.82183297099525, 26.937192374973147], [75.82183797859196, 26.93719233634167], [75.82184298831143, 26.937192297693645], [75.82184799590813, 26.937192259061817], [75.82185300562759, 26.937192220413436], [75.82185801322426, 26.93719218178125], [75.82186302082093, 26.937192143148895], [75.82186803054036, 26.937192104499974], [75.82187303813701, 26.937192065867254], [75.82187808986043, 26.937196418508954], [75.82188309745726, 26.93719637987588], [75.82188810505407, 26.937196341242625], [75.82189311477366, 26.937196302592813], [75.82189812237047, 26.937196263959205], [75.82190317405941, 26.937200612878545], [75.8219081816564, 26.937200574244567], [75.82191318925337, 26.93720053561042], [75.82191819897311, 26.93720049695971], [75.82192324857581, 26.93720484961612], [75.82192825829573, 26.93720481096505], [75.82193326589285, 26.937204772330187], [75.82193827348999, 26.937204733695147], [75.82194332521641, 26.93720908633443], [75.82194833281372, 26.937209047699024], [75.82195338450512, 26.937213396616492], [75.8219583921026, 26.937213357980742], [75.8222751840598, 26.937342628380378], [75.82246154542621, 26.937450946843093], [75.82284533953552, 26.93777726554189], [75.82285038916359, 26.937781614441935], [75.82285543882769, 26.93778596706323], [75.82286049061494, 26.937790319667933], [75.82286554024418, 26.93779466856741], [75.8228705920322, 26.937799021171728], [75.82287564169786, 26.937803373792246], [75.82288069132827, 26.93780772269114], [75.82288574311745, 26.937812075294882], [75.82289079278425, 26.93781642791483], [75.8228958445386, 26.93782077679676], [75.82290089420617, 26.937825129416314], [75.82290594387415, 26.937829482035674], [75.82291099562966, 26.937833830917025], [75.8229160452984, 26.93783818353601], [75.8229210970903, 26.93784253613841], [75.82292113910002, 26.937846923706307], [75.82292618876974, 26.9378512763249], [75.82293123843985, 26.937855628943293], [75.82293629019749, 26.937859977823678], [75.82294133986836, 26.937864330441684], [75.82294639166243, 26.93786868304312], [75.82295144129844, 26.93787303193932], [75.82295148334501, 26.937877423228592], [75.82295653301726, 26.937881775846016], [75.82296158477703, 26.93788612472543], [75.82296663445007, 26.937890477342467], [75.82297168624625, 26.937894829942927], [75.822971728258, 26.937899217510736], [75.822976777932, 26.937903570127386], [75.8229818276064, 26.937907922743843], [75.8229868793683, 26.937912271622285], [75.82298692141632, 26.937916662911494], [75.82299197109167, 26.937921015527564], [75.82299702073179, 26.937925364422], [75.82300207253071, 26.93792971702128], [75.82300211457932, 26.937934108310472], [75.82300716422041, 26.937938457204517], [75.8230122160203, 26.937942809803413], [75.82301225806934, 26.937947201092577], [75.8230173077114, 26.93795154998623], [75.82302235738949, 26.93795590260112], [75.82302239943894, 26.93796029389027], [75.82302745120477, 26.937964642767138], [75.82303250088384, 26.937968995381638], [75.82303254293367, 26.93797338667076], [75.8230375925777, 26.937977735563628], [75.82304264438052, 26.93798208816134], [75.8230426864308, 26.937986479450444], [75.8230477360758, 26.937990828342926], [75.8230527878796, 26.93799518094024], [75.82305282993028, 26.93799957222933], [75.82305787957624, 26.938003921121407], [75.82305792162714, 26.93800831241048], [75.82306297130934, 26.938012665023788], [75.8230630133248, 26.938017052591423], [75.82306806513037, 26.93802140518814], [75.82307311481354, 26.93802575780106], [75.82307315682941, 26.93803014536867], [75.82307820863596, 26.938034497965], [75.82307825068769, 26.938038889254027], [75.8230833003364, 26.93804323814511], [75.82308334238833, 26.938047629434127], [75.82308839207327, 26.93805198204645], [75.82308843412542, 26.938056373335456], [75.82317605932028, 26.93831472730152], [75.8231761013762, 26.93831911859025], [75.82318115104135, 26.9383234674773], [75.8231811930975, 26.938327858766034], [75.82318624492167, 26.93833221135791], [75.82318628694237, 26.938336598925197], [75.82318632899872, 26.938340990213913], [75.82319137870091, 26.938345342821968], [75.82319142072183, 26.93834973038925], [75.8231914627784, 26.93835412167795], [75.82319651460416, 26.938358474269403], [75.82319655662529, 26.938362861836662], [75.82320160632887, 26.938367214444316], [75.82320164838585, 26.938371605732996], [75.8232016904072, 26.938375993300237], [75.82320674011156, 26.93838034590768], [75.82320678216877, 26.938384737196344], [75.82321183396085, 26.93838908606577], [75.82321187601828, 26.938393477354417], [75.8232119180757, 26.93839786864307], [75.8232169677458, 26.938402217528676], [75.82321700980343, 26.938406608817306], [75.82322206163255, 26.938410961407744], [75.82322210365474, 26.938415348974935], [75.82322214571259, 26.938419740263555], [75.82322719541972, 26.938424092870186], [75.82322723744214, 26.938428480437363], [75.82323228714985, 26.938432833043787], [75.82323232920812, 26.93843722433239], [75.82323237123076, 26.938441611899556], [75.82323742306204, 26.93844596448937], [75.82323746512053, 26.938450355777952], [75.82324251479398, 26.938454704662536], [75.82324255685268, 26.93845909595111], [75.82324760868515, 26.938463448540524], [75.82324765070841, 26.93846783610766], [75.82324769276734, 26.938472227396222], [75.8232527424778, 26.93847658000183], [75.82325278450129, 26.93848096756894], [75.82325783421236, 26.938485320174337], [75.82325787627168, 26.938489711462882], [75.82326292810613, 26.93849406405168], [75.82326297013005, 26.938498451618777], [75.82326801984227, 26.93850280422378], [75.82326806190203, 26.938507195512294], [75.82327311370202, 26.93851154437926], [75.82327315576197, 26.938515935667763], [75.8232731977863, 26.938520323234833], [75.82327824749993, 26.938524675839425], [75.82327828956012, 26.93852906712791], [75.82328333927433, 26.938533419732302], [75.82328338129908, 26.93853780729935], [75.82328843313667, 26.938542159887128], [75.82328847519727, 26.938546551175598], [75.82329352487702, 26.938550900058154], [75.82329356693783, 26.938555291346617], [75.8232986187766, 26.938559643934], [75.82329866080198, 26.938564031501016], [75.82330371051854, 26.9385683841046], [75.82330375257979, 26.938572775393027], [75.8233088022613, 26.93857712427498], [75.82330884432275, 26.9385815155634], [75.82331389616328, 26.938585868150184], [75.8233139381893, 26.93859025571716], [75.82331898790763, 26.938594608320145], [75.8233190299695, 26.93859899960854], [75.82332407965279, 26.938603348489888], [75.82332412171486, 26.938607739778277], [75.82332917355716, 26.938612092364455], [75.82332921558381, 26.9386164799314], [75.82333426530391, 26.938620832533783], [75.82333430736641, 26.938625223822147], [75.82333935917424, 26.93862957268649], [75.82334440889532, 26.93863392528847], [75.82334445095823, 26.938638316576814], [75.82334950064426, 26.93864266545717], [75.82334954270738, 26.938647056745506], [75.82335459455243, 26.938651409330685], [75.82335463658012, 26.938655796897578], [75.82335968630295, 26.938660149498958], [75.8233597283665, 26.938664540787265], [75.82336478017709, 26.93866888965062], [75.82336482224083, 26.938673280938918], [75.82336987196486, 26.938677633539896], [75.82337492165362, 26.938681982419265], [75.82337496371778, 26.938686373707537], [75.82338001556558, 26.93869072629172], [75.8233800575943, 26.93869511385855], [75.82338510731991, 26.938699466458946], [75.82338514938449, 26.9387038577472], [75.82339019907502, 26.938708206625957], [75.82339525092438, 26.93871255920955], [75.82339529298939, 26.938716950497785], [75.8234003426809, 26.93872129937614], [75.82340038474611, 26.938725690664366], [75.82340543659664, 26.938730043247556], [75.82341048628913, 26.938734392125525], [75.82341052835476, 26.93873878341373], [75.82341557808348, 26.938743136012928], [75.82341562011366, 26.93874752357969], [75.82342067196576, 26.938751876162282], [75.82342572169546, 26.93875622876109], [75.82342576372606, 26.93876061632783], [75.82343081557913, 26.93876496891003], [75.82343586530982, 26.938769321508452], [75.82343590734082, 26.938773709075168], [75.8234409570721, 26.938778061673375], [75.82344099913895, 26.938782452961515], [75.82344605095795, 26.9387868018217], [75.8234511006902, 26.938791154419523], [75.82345114275748, 26.938795545707634], [75.82345619457745, 26.938799894567424], [75.82346124431068, 26.938804247164846], [75.82346128637836, 26.93880863845294], [75.82346633607652, 26.938812987328745], [75.82347138793351, 26.93881733990937], [75.82347143000162, 26.938821731197454], [75.82347647970076, 26.938826080072854], [75.82348153155873, 26.938830432653088], [75.82348157362723, 26.938834823941153], [75.82348662332736, 26.938839172816152], [75.8234916730635, 26.938843525412402], [75.82349171513243, 26.938847916700436], [75.82349676695632, 26.938852265558655], [75.82350181669345, 26.9388566181545], [75.82350185876278, 26.93886100944253], [75.82350690846485, 26.938865358316743], [75.82351196032575, 26.938869710895805], [75.82351701006425, 26.938874063491074], [75.82351705213419, 26.938878454779058], [75.82352210396043, 26.938882803636297], [75.82352715369989, 26.938887156231168], [75.8235271957346, 26.93889154379771], [75.82353224547467, 26.93889589639238], [75.82353729733791, 26.93890024897046], [75.8235423470431, 26.938904597843322], [75.82354238911407, 26.93890898913126], [75.82354744097829, 26.93891334170894], [75.8235524907201, 26.938917694302834], [75.82355754042665, 26.93892204317511], [75.82355758249824, 26.93892643446302], [75.82356263436382, 26.93893078704013], [75.82356768407135, 26.93893513591201], [75.82356772614335, 26.9389395271999], [75.82382071845281, 26.939205386025026], [75.82398772472261, 26.93938409915948], [75.82444749788954, 26.93979763208467], [75.8244475399969, 26.939802023370984], [75.82445259190006, 26.93980637219259], [75.82445263400763, 26.939810763478892], [75.82445768382424, 26.939815116038133], [75.82445772589634, 26.939819503603008], [75.82446277571354, 26.93982385616205], [75.82446281782153, 26.939828247448336], [75.82446786972646, 26.939832596269333], [75.82446791183466, 26.93983698755561], [75.82447296165306, 26.939841340114253], [75.82447801355895, 26.93984568893486], [75.82447805566756, 26.939850080221113], [75.82448310548692, 26.939854432779356], [75.82448314756006, 26.93985882034417], [75.82448819738, 26.93986317290222], [75.82448823948904, 26.93986756418845], [75.82449329139672, 26.939871913008457], [75.82449834121766, 26.939876265566113], [75.8244983833271, 26.93988065685232], [75.82450343311294, 26.939885005688357], [75.82450347522257, 26.939889396974547], [75.82450852716751, 26.939893749515385], [75.82451357695432, 26.93989809835102], [75.82451361906439, 26.939902489637202], [75.8245186710103, 26.939906842177642], [75.82452372079808, 26.939911191012886], [75.82452376290854, 26.93991558229904], [75.82452881273261, 26.939919934855514], [75.8245338646442, 26.939924283673943], [75.8245339067551, 26.93992867496008], [75.82453895658014, 26.939933027516147], [75.8245440084927, 26.93993737633419], [75.82454405060399, 26.939941767620304], [75.82454910043, 26.939946120175986], [75.82455415022073, 26.939950469010054], [75.82455920217035, 26.939954821548934], [75.82455924428227, 26.93995921283502], [75.82456429407395, 26.939963561668694], [75.82456934602455, 26.939967914207177], [75.82457439585271, 26.939972266761888], [75.82457443792954, 26.939976654326518], [75.8245794877583, 26.939981006881037], [75.82458453971026, 26.939985359418937], [75.82458958950409, 26.939989708251634], [75.82459464145681, 26.93999406078915], [75.82459468357015, 26.93999845207517], [75.82459973336498, 26.940002800907475], [75.82460478319587, 26.940007153461025], [75.82460983514996, 26.94001150599796], [75.82461488494593, 26.94001585482969], [75.82461993690082, 26.94002020736623], [75.82462498673326, 26.940024559919003], [75.82462502881212, 26.94002894748354], [75.82463007864514, 26.940033300036113], [75.82463513060138, 26.940037652572077], [75.8246401803995, 26.940042001402837], [75.8246452302337, 26.94004635395483], [75.8246502821911, 26.940050706490215], [75.82465533199037, 26.940055055320403], [75.82466038394854, 26.940059407855408], [75.82466543378428, 26.94006376040662], [75.82467048358473, 26.94006810923623], [75.82467553554405, 26.940072461770658], [75.82468058538096, 26.94007681432131], [75.82468563521826, 26.940081166871767], [75.82469068714306, 26.940085515684178], [75.82469573698113, 26.940089868234253], [75.82470078894241, 26.940094220767715], [75.82470583874556, 26.940098569595975], [75.82471088858478, 26.94010292214548], [75.82471594051152, 26.94010727095693], [75.82472099035152, 26.940111623506038], [75.82472604231475, 26.94011597603854], [75.82473105003672, 26.940115937301492], [75.82473609984199, 26.940120286128604], [75.82474115180617, 26.940124638660535], [75.82474620164791, 26.940128991208688], [75.82475125361285, 26.940133343740236], [75.82475630341966, 26.940137692566584], [75.82476135326257, 26.940142045114168], [75.82476636310848, 26.940142006359416], [75.82477141295195, 26.94014635890662], [75.82477646488294, 26.940150707715777], [75.82478151472719, 26.940155060262605], [75.82478656457184, 26.94015941280924], [75.82479157441846, 26.940159374053568], [75.82479662422797, 26.940163722878395], [75.8248016761964, 26.940168075408035], [75.8248067260424, 26.940172427953904], [75.82481173376675, 26.94017238921393], [75.82481678570042, 26.940176738021574], [75.82482183554738, 26.940181090566877], [75.82482688751753, 26.94018544309556], [75.82483189524244, 26.940185404354853], [75.82483694505466, 26.940189753178164], [75.82484199702576, 26.94019410570628], [75.82484700475105, 26.940194066965038], [75.82485205459992, 26.940198419509194], [75.82485710653629, 26.940202768315327], [75.82486211426192, 26.940202729573524], [75.82486716623457, 26.940207082100706], [75.8248722160848, 26.940211434644105], [75.82487722381079, 26.940211395901773], [75.82488227574869, 26.940215744706943], [75.82488732559987, 26.94022009724979], [75.82489233544905, 26.94022005849048], [75.8248973853008, 26.940224411032936], [75.82490239302733, 26.940224372289695], [75.82490744496678, 26.940228721093927], [75.82491249481949, 26.940233073635824], [75.82491750466922, 26.940233034875604], [75.8249225545225, 26.940237387417124], [75.82492756224957, 26.940237348672976], [75.82493261419054, 26.94024169747626], [75.8249376219178, 26.940241658731754], [75.82494263176787, 26.940241619970642], [75.8249476394951, 26.940241581225774], [75.82495264722232, 26.940241542480724], [75.82495765707237, 26.940241503719083], [75.82496266479957, 26.940241464973678], [75.82496767252677, 26.940241426228106], [75.8249726823768, 26.94024138746592], [75.82497769010396, 26.94024134871999], [75.82498269995396, 26.94024130995745], [75.82498774981006, 26.940245662496565], [75.82499275753743, 26.940245623750098], [75.82499776738759, 26.94024558498702], [75.82500277511492, 26.940245546240188], [75.82500778496508, 26.94024550747676], [75.82501279269239, 26.940245468729582], [75.82501780041972, 26.940245429982216], [75.82502281026983, 26.940245391218255], [75.82502781799712, 26.940245352470534], [75.82503282572442, 26.940245313722638], [75.8250378355745, 26.940245274958148], [75.82504284330177, 26.9402452362099], [75.82504785315186, 26.940245197445044], [75.82505286087911, 26.940245158696438], [75.82505786860635, 26.94024511994766], [75.82506287845641, 26.94024508118227], [75.82506788618365, 26.940245042433133], [75.82507289603367, 26.94024500366739], [75.82507790376089, 26.940244964917902], [75.82508291148808, 26.940244926168226], [75.8250879213381, 26.94024488740195], [75.82509292906528, 26.940244848651925], [75.82509793891526, 26.940244809885296], [75.82510294664245, 26.940244771134914], [75.8251079543696, 26.940244732384354], [75.82511296421957, 26.94024469361719], [75.82511797194672, 26.940244654866277], [75.82512298179667, 26.940244616098756], [75.82512798952379, 26.94024457734749], [75.82513299725092, 26.94024453859604], [75.82513800710083, 26.940244499827983], [75.82514301482793, 26.94024446107618], [75.82514802467784, 26.940244422307774], [75.82515303240493, 26.940244383555612], [75.825158040132, 26.940244344803276], [75.8251630499819, 26.940244306034334], [75.82516805770895, 26.940244267281653], [75.82517306543599, 26.940244228528773], [75.82517807528586, 26.940244189759298], [75.82518308301289, 26.940244151006073], [75.82518809286273, 26.940244112236247], [75.82519310058976, 26.940244073482667], [75.82519810831675, 26.940244034728906], [75.82520311816657, 26.94024399595854], [75.82520808375611, 26.94023956591929], [75.8252130936057, 26.940239527148574], [75.82521810133248, 26.940239488394102], [75.82522310905925, 26.94023944963947], [75.82522811890883, 26.940239410868223], [75.82523312663558, 26.940239372113226], [75.82523813648515, 26.940239333341623], [75.8252431442119, 26.940239294586267], [75.82524815193861, 26.940239255830743], [75.82525316178817, 26.940239217058604], [75.82525816951487, 26.940239178302722], [75.8252631793644, 26.940239139530235], [75.82526818709108, 26.94023910077399], [75.82527319481777, 26.940239062017568], [75.82527820466727, 26.940239023244544], [75.82528321239393, 26.940238984487774], [75.82528817801574, 26.9402345581672], [75.82529318786503, 26.940234519393652], [75.82529819559147, 26.940234480636345], [75.82530320544073, 26.940234441862444], [75.82530821316718, 26.940234403104782], [75.82531322089359, 26.940234364346946], [75.82531823074284, 26.940234325572504], [75.82532323846924, 26.94023428681432], [75.82532824831846, 26.94023424803952], [75.82533325604484, 26.940234209280977], [75.82533826377123, 26.940234170522256], [75.82534323147773, 26.940229740461938], [75.8253482392039, 26.94022970170287], [75.82535324693008, 26.940229662943608], [75.82535825677904, 26.94022962416776], [75.82536326450519, 26.94022958540815], [75.82536827435415, 26.94022954663194], [75.82537328208026, 26.940229507871987], [75.8253782898064, 26.940229469111838], [75.82538329965533, 26.940229430335094], [75.825388265237, 26.940225000289665], [75.82539327508572, 26.940224961512566], [75.82539828281162, 26.940224922751725], [75.8254032905375, 26.9402248839907], [75.82540830038619, 26.94022484521307], [75.82541330811206, 26.940224806451706], [75.82541831796074, 26.940224767673715], [75.82542328357653, 26.94022034134851], [75.82542829130217, 26.940220302586606], [75.82543330115064, 26.940220263808094], [75.82543830887627, 26.940220225045838], [75.82544331872471, 26.94022018626697], [75.82544832645031, 26.94022014750435], [75.82545333417593, 26.94022010874156], [75.82545830187722, 26.940215678677298], [75.82546330960261, 26.940215639914157], [75.8254683194508, 26.940215601134405], [75.8254733271762, 26.940215562370906], [75.82547833490156, 26.940215523607236], [75.82548334474974, 26.94021548482695], [75.8254883524751, 26.94021544606292], [75.82549331805197, 26.940211016013887], [75.82549832789992, 26.94021097723308], [75.82550333562506, 26.940210938468525], [75.82550834547301, 26.940210899687354], [75.82551335319812, 26.94021086092244], [75.82551831880951, 26.94020643459398], [75.82552332865724, 26.940206395812282], [75.82552833638213, 26.940206357046854], [75.82553334622983, 26.940206318264792], [75.82553835395473, 26.940206279498998], [75.82554336167959, 26.940206240733033], [75.82554832937669, 26.94020181066568], [75.82555333710134, 26.94020177189936], [75.82555834694881, 26.940201733116428], [75.82556335467345, 26.94020169434975], [75.8255683623981, 26.940201655582896], [75.82557333009399, 26.940197225514684], [75.8255783378184, 26.940197186747486], [75.82558334766564, 26.940197147963666], [75.82558835539005, 26.94019710919611], [75.82559336311445, 26.940197070428365], [75.82559833084485, 26.940192644080735], [75.82560333856905, 26.940192605312646], [75.82560834629324, 26.940192566544383], [75.82561335614021, 26.940192527759503], [75.8256183638644, 26.94019248899089], [75.82562337371135, 26.940192450205654], [75.82562838143551, 26.94019241143668], [75.82563334700578, 26.940187981382852], [75.82563835685254, 26.94018794259709], [75.82564336457645, 26.94018790382759], [75.82564833226876, 26.94018347375681], [75.82565333999247, 26.940183434986963], [75.82565834771617, 26.94018339621693], [75.82566335756269, 26.940183357430286], [75.8256683231669, 26.940178931096685], [75.82567333089038, 26.940178892326134], [75.82567834073669, 26.94017885353896], [75.82568334846016, 26.94017881476805], [75.82568831615046, 26.940174384695904], [75.82569332387372, 26.94017434592465], [75.82569833159698, 26.94017430715321], [75.82570329928649, 26.940169877080546], [75.82570830700953, 26.940169838308762], [75.82571331685538, 26.94016979952035], [75.8257183245784, 26.940169760748216], [75.82572329017982, 26.94016533441274], [75.82572830002546, 26.940165295623807], [75.82573330774825, 26.940165256851127], [75.82573827543598, 26.94016082677728], [75.82574328315857, 26.94016078800426], [75.82574829088117, 26.940160749231058], [75.8257532585681, 26.94015631915669], [75.82575826629048, 26.940156280383146], [75.82576327613565, 26.940156241592984], [75.82576828385801, 26.940156202819075], [75.82577324945686, 26.940151776481894], [75.82577825930181, 26.940151737691203], [75.82578326702397, 26.940151698916768], [75.8257882347091, 26.9401472688412], [75.82579324243103, 26.940147230066426], [75.82579825015294, 26.940147191291466], [75.82580321783729, 26.94014276121539], [75.825808225559, 26.94014272244009], [75.82581323540353, 26.940142683648162], [75.82581820099999, 26.94013825730944], [75.82582320872147, 26.9401382185336], [75.82582821856577, 26.94013817974115], [75.82583318412573, 26.94013374968049], [75.82583819184698, 26.940133710904124], [75.82584320169106, 26.94013367211115], [75.82584816725021, 26.940129242049974], [75.82585317709409, 26.94012920325664], [75.82585818481512, 26.94012916447958], [75.82586315040922, 26.940124738139325], [75.82586816025285, 26.940124699345464], [75.82587316797368, 26.940124660567868], [75.82587813565407, 26.940120230489228], [75.82588314337468, 26.940120191711287], [75.82588815109528, 26.94012015293316], [75.82589311877487, 26.940115722854014], [75.82589812649528, 26.940115684075543], [75.82590309417427, 26.940111253996054], [75.82590810189444, 26.940111215217236], [75.82591310961462, 26.940111176438226], [75.82591807732855, 26.940106750079654], [75.82592308504852, 26.940106711300306], [75.82592809276846, 26.940106672520784], [75.82593306044589, 26.94010224244027], [75.82593806816563, 26.940102203660395], [75.82594307800817, 26.940102164863898], [75.82594804356198, 26.94009773479931], [75.8259530512815, 26.940097696018906], [75.82595801899326, 26.940093269658963], [75.82596302671257, 26.94009323087821], [75.8259680365547, 26.940093192080845], [75.82597300210712, 26.9400887620154], [75.82597800982622, 26.940088723234123], [75.82598297753658, 26.940084296873327], [75.82598798525548, 26.940084258091694], [75.82599299297435, 26.94008421930989], [75.8259979606482, 26.940079789227156], [75.82600296836685, 26.940079750444994], [75.82600797820832, 26.940079711646227], [75.82601294375857, 26.94007528157942], [75.82601795147701, 26.940075242796734], [75.8260229191852, 26.940070816434574], [75.82602792690345, 26.94007077765154], [75.82603289457533, 26.940066347567615], [75.82603790441617, 26.940066308767793], [75.82604291001137, 26.940066270000667], [75.82604787768244, 26.940061839916225], [75.82605288752306, 26.94006180111588], [75.82605785094792, 26.940057371063983], [75.82606286078833, 26.940057332263276], [75.82606787062873, 26.9400572934624], [75.82607283408854, 26.940052867131417], [75.82607279191784, 26.940048475847178], [75.82607780175783, 26.94004843704596], [75.82608276942676, 26.94004400696032], [75.82608777502091, 26.940043968191635], [75.82609278486069, 26.940043929389883], [75.82609775256455, 26.940039503025172], [75.82610276240412, 26.94003946422307], [75.82610772582603, 26.94003503416947], [75.82611273566538, 26.940034995367014], [75.82611774550472, 26.940034956564393], [75.82612270892584, 26.94003052651028], [75.82612771876497, 26.9400304877073], [75.82613272860411, 26.940030448904146], [75.82613769206016, 26.94002602257095], [75.82614270189907, 26.94002598376744], [75.82614771173799, 26.940025944963764], [75.82615272157688, 26.940025906159907], [75.8261576849962, 26.940021476104594], [75.82616269483488, 26.940021437300384], [75.82616770467357, 26.940021398496], [75.8261727102666, 26.94002135972432], [75.82617767793056, 26.94001692963544], [75.82618268776903, 26.940016890830524], [75.82618769336185, 26.940016852058314], [75.82619270320029, 26.94001681325305], [75.82619771303872, 26.940016774447603], [75.82620268073723, 26.940012348079293], [75.82620768632981, 26.94001230930638], [75.82621269616803, 26.940012270500407], [75.82621770600625, 26.940012231694258], [75.8262227115988, 26.94001219292082], [75.826227721437, 26.940012154114306], [75.82623273127517, 26.940012115307624], [75.8262376946907, 26.940007685249572], [75.82624270452868, 26.94000764644253], [75.82624771436664, 26.940007607635323], [75.82625271995896, 26.940007568860818], [75.8262577297969, 26.940007530053247], [75.82626273963483, 26.9400074912455], [75.82626774947276, 26.940007452437577], [75.82627275506505, 26.94000741366236], [75.82627776490295, 26.940007374854083], [75.82628277474086, 26.940007336045625], [75.82628778033313, 26.940007297269876], [75.82629279017101, 26.94000725846107], [75.82629780000887, 26.94000721965207], [75.82630280560113, 26.94000718087579], [75.82630781543898, 26.94000714206644], [75.82631282527683, 26.940007103256924], [75.82631783086906, 26.940007064480106], [75.82632284070688, 26.94000702567023], [75.8263278505447, 26.94000698686017], [75.82633286038252, 26.940006948049934], [75.8263379081556, 26.940011300556357], [75.82634291799359, 26.940011261745763], [75.82634792783158, 26.940011222934988], [75.82635293342393, 26.940011184156923], [75.82635794326188, 26.9400111453458], [75.82636295309985, 26.94001110653449], [75.82636795869217, 26.940011067755897], [75.82637301067662, 26.94001541650671], [75.82637802051475, 26.94001537769486], [75.82638303035287, 26.940015338882837], [75.82638803594536, 26.94001530010353], [75.82639304578346, 26.940015261291148], [75.82639809780478, 26.940019613762466], [75.82640310339744, 26.94001957498261], [75.82640811323571, 26.940019536169693], [75.82641312307398, 26.940019497356595], [75.82641817085062, 26.94002384986006], [75.82642318068906, 26.940023811046597], [75.8264281905275, 26.94002377223297], [75.82643319612029, 26.940023733452048], [75.82643824810776, 26.94002808220045], [75.82644325794635, 26.940028043386267], [75.82644826778495, 26.940028004571914], [75.8264533155633, 26.940032357074085], [75.82645832540206, 26.940032318259373], [75.82646333524082, 26.940032279444477], [75.82646838301993, 26.940036631946082], [75.8264734350093, 26.940040980693173], [75.82647844484843, 26.940040941877736], [75.82648345044191, 26.940040903095017], [75.82648846028101, 26.940040864279222], [75.82649347012011, 26.940040825463253], [75.82649852214637, 26.940045177930838], [75.82650352774002, 26.9400451391474], [75.82650853757927, 26.940045100330888], [75.82651354741853, 26.940045061514198], [75.82651855301215, 26.940045022730228], [75.82652356285139, 26.940044983913186], [75.82652861487897, 26.94004933637967], [75.82653362047276, 26.940049297595156], [75.82653863031216, 26.94004925877757], [75.82654364015156, 26.940049219959807], [75.8265486878987, 26.94005356873701], [75.82655369773826, 26.94005352991889], [75.82655870757783, 26.940053491100596], [75.82656371741739, 26.94005345228212], [75.82656876520123, 26.940057804780015], [75.82657377504096, 26.940057765961168], [75.8265787848807, 26.94005772714215], [75.82658379047477, 26.94005768835585], [75.82658884250517, 26.940062040820106], [75.82659385234507, 26.940062002000552], [75.82659885793933, 26.94006196321371], [75.82660390997049, 26.940066315677406], [75.82660891981057, 26.940066276857305], [75.82661392540498, 26.940066238069928], [75.82661897740115, 26.940070586811636], [75.82662398724138, 26.940070547991002], [75.82662899708161, 26.940070509170187], [75.82663404486865, 26.940074861665657], [75.82663905470906, 26.940074822844483], [75.82664406454946, 26.940074784023132], [75.82664911233725, 26.94007913651804], [75.82665412217783, 26.940079097696326], [75.82665913201839, 26.94007905887444], [75.8266641797712, 26.940083407647364], [75.82666918961193, 26.940083368825107], [75.82667424164671, 26.94008772128619], [75.82667925148762, 26.940087682463567], [75.82668425708289, 26.940087643673678], [75.82668930908267, 26.94009199241277], [75.82669431892374, 26.94009195358962], [75.82669936671422, 26.940096306082655], [75.82670437655548, 26.94009626725914], [75.82670942859215, 26.940100619718905], [75.82671443418796, 26.940100580927933], [75.8267194440294, 26.940100542103878], [75.82672449603106, 26.940104890841656], [75.82672950162704, 26.940104852050144], [75.82673455366505, 26.94010920450897], [75.82673956350682, 26.940109165684195], [75.8267446155454, 26.940113518142653], [75.82674962114173, 26.940113479350412], [75.82675467318087, 26.940117831808493], [75.82675968302303, 26.940117792982996], [75.82676473078135, 26.940122141752163], [75.82676978282146, 26.940126494209675], [75.82677479266397, 26.94012645538363], [75.82677984045903, 26.94013080787367], [75.82678485030169, 26.94013076904726], [75.82678990230718, 26.94013511778259], [75.82679491215004, 26.940135078955823], [75.82679995994624, 26.940139431445104], [75.82680501198845, 26.94014378390129], [75.82681002183166, 26.94014374507398], [75.82681506959307, 26.940148093841266], [75.82682012163625, 26.940152446296892], [75.82682513147982, 26.94015240746903], [75.82683017927795, 26.94015675995718], [75.82683523128632, 26.940161108690802], [75.82684024113026, 26.940161069862395], [75.82684529317497, 26.940165422317072], [75.82685034097443, 26.94016977480447], [75.82685535081875, 26.940169735975516], [75.82686040282866, 26.940174084708193], [75.82686545062907, 26.94017843719501], [75.82687050267553, 26.940182789648734], [75.82687551252037, 26.940182750819062], [75.826880560286, 26.940187099583884], [75.8268856123334, 26.940191452037038], [75.82689066438121, 26.94019580449], [75.82689566998097, 26.9401957656925], [75.82690072199357, 26.940200114423657], [75.82690577404232, 26.94020446687605], [75.82691082609148, 26.94020881932825], [75.8269158738596, 26.940213168091745], [75.82692092590952, 26.94021752054356], [75.82692593575584, 26.940217481712057], [75.8269309835607, 26.9402218341964], [75.8269360355758, 26.940226182926224], [75.82694108762708, 26.94023053537728], [75.82694613543309, 26.940234887861056], [75.82695118744937, 26.940239236590283], [75.8269562395018, 26.940243589040772], [75.82696128730898, 26.940247941523964], [75.8269663393264, 26.940252290252634], [75.82697139138, 26.940256642702536], [75.82697644343398, 26.940260995152244], [75.82698149120695, 26.940265343913243], [75.8269865432617, 26.940269696362563], [75.82699159531684, 26.94027404881169], [75.82699664309096, 26.940278397572122], [75.82700169514688, 26.940282750020867], [75.8270017373539, 26.94028714130386], [75.82700678937464, 26.940291490030976], [75.82701183718589, 26.940295842512242], [75.82701688924318, 26.940300194960408], [75.82702194126507, 26.940304543686942], [75.82702699332314, 26.940308896134713], [75.82702703553117, 26.940313287417666], [75.82703208330841, 26.940317636176733], [75.82703713536743, 26.940321988624113], [75.82704218742687, 26.9403263410713], [75.82704222959975, 26.940330728632798], [75.82704727741412, 26.9403350811127], [75.82705232947453, 26.94033943355949], [75.82705738149954, 26.94034378228467], [75.82706242931508, 26.940348134763994], [75.82706247152454, 26.940352526046883], [75.82706752355053, 26.940356874771663], [75.82707257561268, 26.940361227217686], [75.82707261782257, 26.940365618500547], [75.82707766560388, 26.94036996725785], [75.82707770781398, 26.940374358540705], [75.8270827598773, 26.94037871098632], [75.82708280205183, 26.940383098547734], [75.82708785411576, 26.940387450993146], [75.82709290618006, 26.940391803438366], [75.827092948355, 26.940396190999767], [75.82709799617426, 26.940400543477697], [75.82709803838517, 26.9404049347605], [75.8271030904149, 26.9404092834839], [75.82710313262602, 26.9404136747667], [75.82710818469211, 26.940418027211322], [75.82710822686768, 26.940422414772677], [75.8271132746887, 26.940426767250006], [75.82711331690025, 26.940431158532782], [75.82711836893174, 26.940435507255575], [75.82711841114349, 26.94043989853834], [75.82712346321134, 26.940444250982353], [75.82712350538755, 26.940448638543675], [75.82712855321033, 26.940452991020404], [75.82712859542252, 26.940457382303144], [75.82713364749154, 26.94046173474676], [75.82713368966816, 26.940466122308063], [75.82713874173778, 26.940470474751475], [75.8271387839146, 26.940474862312765], [75.82713882612723, 26.940479253595477], [75.82714387819763, 26.940483606038683], [75.82714392037467, 26.94048799359996], [75.82714896820002, 26.940492346075875], [75.82714901041305, 26.94049673735857], [75.82715406248464, 26.940501089801366], [75.8271541046621, 26.940505477362624], [75.82715414687536, 26.940509868645297], [75.82715919894773, 26.94051422108789], [75.82715924112541, 26.940518608649125], [75.82716428895274, 26.940522961124433], [75.82716433116641, 26.940527352407088], [75.8271643733443, 26.94053173996831], [75.82716942541808, 26.940536092410493], [75.82716946763196, 26.940540483693134], [75.82716950981009, 26.940544871254342], [75.82717456188463, 26.94054922369631], [75.82717460409874, 26.94055361497893], [75.82717464627707, 26.940558002540136], [75.82717969410676, 26.94056235501481], [75.8271797363211, 26.940566746297424], [75.82717977849966, 26.940571133858608], [75.82718483057579, 26.940575486300155], [75.82718487279034, 26.94057987758275], [75.82718491496911, 26.940584265143915], [75.82718996704602, 26.940588617585263], [75.82719000926079, 26.940593008867847], [75.82719005143979, 26.94059739642899], [75.82719510351751, 26.94060174887013], [75.82719514573249, 26.940606140152696], [75.8271951879117, 26.940610527713837], [75.82719523012669, 26.940614918996395], [75.82720027795976, 26.940619271470226], [75.82720032013918, 26.94062365903135], [75.8272003623544, 26.940628050313894], [75.8272054144339, 26.940632402754602], [75.82720545661356, 26.94063679031571], [75.82720549882897, 26.94064118159825], [75.82720554104442, 26.940645572880772], [75.82721059308913, 26.94064992159984], [75.8272106353048, 26.94065431288236], [75.82721067752045, 26.940658704164875], [75.82721071970035, 26.940663091725963], [75.82721076191602, 26.940667483008472], [75.82721580975206, 26.94067183548165], [75.82721585193218, 26.940676223042715], [75.82721589414807, 26.940680614325217], [75.82721593636397, 26.94068500560771], [75.82722098841089, 26.940689354326324], [75.82722103062699, 26.94069374560881], [75.8272210728431, 26.94069813689129], [75.82722111502346, 26.940702524452337], [75.82722115723959, 26.940706915734808], [75.82722119945574, 26.940711307017285], [75.82722625150404, 26.940715655735655], [75.8272262937204, 26.940720047018118], [75.82722633593676, 26.94072443830058], [75.82722637811736, 26.940728825861605], [75.82722642033373, 26.94073321714406], [75.82722646255012, 26.940737608426506], [75.82723151035418, 26.94074195717757], [75.82723155257077, 26.940746348460003], [75.82723159478738, 26.940750739742438], [75.82723163696821, 26.940755127303444], [75.82723167918483, 26.940759518585867], [75.82723172140146, 26.94076390986829], [75.82723176358232, 26.940768297429294], [75.82723180579897, 26.94077268871171], [75.82723685788625, 26.940777041151023], [75.82723690006732, 26.94078142871201], [75.82723694228419, 26.940785819994417], [75.82723698450106, 26.940790211276816], [75.82723702668217, 26.940794598837797], [75.82723706889905, 26.940798990120193], [75.82723711111595, 26.94080338140259], [75.82723715329708, 26.940807768963552], [75.82723719551399, 26.94081216024594], [75.82723723773091, 26.94081655152833], [75.82723727991207, 26.940820939089285], [75.82724233200176, 26.940825291528324], [75.82724237421888, 26.940829682810694], [75.82724241640025, 26.940834070371643], [75.8272424586174, 26.940838461654003], [75.82724250083459, 26.940842852936367], [75.82724254305175, 26.940847244218727], [75.82724258523314, 26.940851631779662], [75.82724262745033, 26.940856023062018], [75.82724266963176, 26.94086041062294], [75.82724271184895, 26.940864801905295], [75.82724275406618, 26.94086919318764], [75.82724279624762, 26.940873580748562], [75.8272447799294, 26.941079915194212], [75.82724482214701, 26.941084306476416], [75.82724486432885, 26.9410886940372], [75.82724490654647, 26.941093085319405], [75.82724494876412, 26.94109747660161], [75.82724499094599, 26.941101864162384], [75.82724503316362, 26.941106255444577], [75.82724507538128, 26.941110646726777], [75.82724511756317, 26.941115034287538], [75.82724515978084, 26.94111942556972], [75.8272502076388, 26.941123778040904], [75.82725024982089, 26.941128165601654], [75.8272502920388, 26.941132556883833], [75.82725033425669, 26.941136948166005], [75.82725538632553, 26.941141296882616], [75.82725542854364, 26.941145688164774], [75.82725547076176, 26.94115007944693], [75.82726052283138, 26.941154428163344], [75.82726056504971, 26.941158819445484], [75.82726060726804, 26.941163210727627], [75.82726565933847, 26.941167559443823], [75.82726570155701, 26.941171950725952], [75.82727074941813, 26.941176303196297], [75.82727580148953, 26.9411806519121], [75.82727584370849, 26.941185043194203], [75.82728089581626, 26.941189395631238], [75.82728594364296, 26.941193744379564], [75.82728598586233, 26.94119813566166], [75.82729103797107, 26.94120248809829], [75.82729609004441, 26.941206836813308], [75.82730113790826, 26.941211189282477], [75.82730619001816, 26.941215541718535], [75.82731124209269, 26.941219890432972], [75.8273162899577, 26.941224242901562], [75.82732129984797, 26.941224204055015], [75.82732635195923, 26.94122855649032], [75.82733140403509, 26.941232905203993], [75.82733640968006, 26.941232866389814], [75.82734146179227, 26.94123721882454], [75.82734651390489, 26.941241571259077], [75.8273515195502, 26.941241532444362], [75.8273565716276, 26.941245881157094], [75.82736158151879, 26.941245842309094], [75.82736658716429, 26.941245803493835], [75.82737163927823, 26.941250155927435], [75.82737664916958, 26.941250117078898], [75.82738165906092, 26.94125007823018], [75.82738670692994, 26.94125443069614], [75.82739171682147, 26.941254391847064], [75.82739672671298, 26.9412543529978], [75.82740173235881, 26.941254314181286], [75.82740678443866, 26.94125866289216], [75.82741179433035, 26.941258624042362], [75.82741679997635, 26.94125858522531], [75.827421809868, 26.941258546375163], [75.82742681975967, 26.941258507524825], [75.82743182540564, 26.941258468707247], [75.82743683529729, 26.941258429856553], [75.82772716794679, 26.941238619089063], [75.82793727474467, 26.94121064695081], [75.82903246472637, 26.941026529870715], [75.82903743231861, 26.941022099683313], [75.82904239570065, 26.94101767325013], [75.82904740557946, 26.941017634342508], [75.82905237317074, 26.941013204154597], [75.82905733651596, 26.94100877399948], [75.82906234639437, 26.941008735091337], [75.82906731402048, 26.941004308624336], [75.82907228161038, 26.940999878435743], [75.82907728724271, 26.94099983956004], [75.82908225483202, 26.94099540937112], [75.82908722245678, 26.940990982903433], [75.82909218579965, 26.940986552747137], [75.82909715338779, 26.940982122557696], [75.82910216326496, 26.94098208364817], [75.8291071266427, 26.94097765721278], [75.82911209422987, 26.94097322702283], [75.82911706181663, 26.940968796832713], [75.82912202943886, 26.94096437036385], [75.82912699277921, 26.940959940206366], [75.8291319603648, 26.940955510015748], [75.82913697024075, 26.940955471105006], [75.82914193361597, 26.940951044668434], [75.8291469012006, 26.940946614477305], [75.82915186878483, 26.940942184286], [75.82915683215887, 26.940937757848936], [75.82916179974234, 26.94093332765729], [75.82916676732542, 26.940928897465486], [75.8291717306983, 26.9409244710279], [75.8291766982806, 26.94092004083576], [75.82918166586252, 26.94091561064344], [75.82918663347988, 26.940911184172386], [75.82919159681536, 26.940906754012712], [75.82919660668907, 26.9409067150999], [75.82920157426962, 26.940902284906905], [75.82920653763996, 26.940897858468144], [75.82921154751325, 26.94089781955481], [75.82921651509282, 26.940893389361303], [75.82922147842635, 26.940888959200617], [75.82922648829923, 26.940888920286763], [75.82923145591366, 26.940884493814174], [75.82923641924621, 26.940880063652973], [75.82924142911867, 26.94088002473859], [75.82924639669629, 26.940875594544075], [75.82925136430936, 26.940871168070803], [75.82925636993575, 26.940871129188885], [75.82926133751238, 26.94086669899386], [75.82926630508862, 26.940862268798654], [75.82927131071462, 26.94086222991622], [75.82927627829027, 26.940857799720682], [75.82928124590137, 26.940853373246394], [75.82928625152695, 26.94085333436343], [75.82929121910162, 26.940848904167378], [75.82929618667589, 26.94084447397117], [75.82930119654671, 26.940844435054704], [75.8293061599106, 26.94084000861255], [75.82931112748389, 26.940835578415825], [75.82931613735431, 26.940835539498842], [75.82932110071721, 26.940831113056177], [75.82932606828953, 26.94082668285894], [75.82933103586147, 26.940822252661533], [75.8293360414856, 26.94082221377684], [75.82934100905695, 26.940817783579092], [75.82934597666375, 26.9408133571026], [75.82935098653313, 26.9408133181844], [75.82935594985784, 26.94080888801913], [75.82936091742782, 26.940804457820708], [75.82936592729678, 26.940804418901987], [75.82937089065635, 26.940799992457627], [75.82937585822535, 26.940795562258693], [75.82938086809389, 26.94079552333945], [75.82938583141666, 26.94079109317316], [75.82939079902052, 26.940786666695143], [75.82939576658816, 26.940782236495533], [75.82940077221045, 26.94078219760858], [75.82940573977748, 26.940777767408626], [75.82941070737998, 26.940773340929933], [75.82941571724749, 26.94077330200947], [75.8294206805679, 26.940768871841996], [75.82942564813358, 26.940764441641367], [75.82943061573471, 26.940760015161988], [75.82943557905395, 26.940755584994008], [75.82944054661846, 26.94075115479287], [75.82944555648496, 26.94075111587138], [75.82945051983907, 26.940746689424305], [75.82945552970536, 26.94074665050246], [75.82946049726868, 26.94074222030065], [75.82946550713476, 26.94074218137845], [75.82947047045184, 26.940737751209276], [75.82947548031771, 26.94073771228673], [75.8294804479157, 26.940733285805663], [75.8294854535357, 26.940733246915755], [75.82949046340136, 26.940733207992682], [75.82949543096271, 26.940728777789673], [75.82950043658249, 26.94072873889924], [75.82950540414325, 26.940724308695888], [75.82951041400847, 26.94072426977212], [75.82951541962804, 26.94072423088116], [75.82952038722385, 26.940719804398714], [75.82952539708884, 26.94071976547442], [75.82953036464824, 26.940715335270212], [75.82953537026738, 26.940715296378553], [75.82954038013216, 26.94071525745373], [75.82954538999692, 26.940715218528727], [75.82955035330967, 26.940710788356828], [75.82955536317424, 26.940710749431467], [75.82956037303877, 26.94071071050594], [75.82956533638657, 26.940706284054954], [75.82957034625092, 26.94070624512907], [75.82957535611526, 26.940706206203014], [75.82958036173393, 26.940706167309763], [75.82958532929052, 26.940701737103677], [75.82959033915465, 26.940701698177097], [75.82959534901875, 26.940701659250333], [75.82960035463721, 26.940701620356386], [75.82960536450129, 26.940701581429266], [75.82961033205669, 26.940697151222327], [75.82961533767492, 26.94069711232785], [75.82962034753879, 26.940697073400198], [75.82962535740265, 26.94069703447238], [75.82963036302085, 26.94069699557736], [75.82963537288471, 26.940696956649187], [75.82964038274854, 26.94069691772083], [75.82964539261236, 26.940696878792295], [75.82965035595616, 26.940692452338396], [75.82965536581978, 26.94069241340951], [75.82966037568339, 26.940692374480445], [75.82966538130135, 26.9406923355842], [75.82967039116494, 26.940692296654785], [75.82967540102852, 26.94069225772519], [75.82968040664645, 26.940692218828403], [75.82968541651002, 26.940692179898452], [75.82969042637357, 26.940692140968324], [75.82969543623713, 26.940692102038017], [75.82970044185502, 26.940692063140524], [75.82970545171855, 26.94069202420987], [75.82971046158207, 26.94069198527902], [75.82971546719995, 26.940691946381], [75.82972047706345, 26.94069190744981], [75.82972548692695, 26.940691868518435], [75.8297304925448, 26.940691829619873], [75.82973550240828, 26.940691790688145], [75.82974051227174, 26.94069175175624], [75.82974551788956, 26.94069171285715], [75.82975057003128, 26.940696061482946], [75.82975557989491, 26.940696022550497], [75.82976058975856, 26.940695983617875], [75.82976559537653, 26.940695944718065], [75.82977060524016, 26.940695905785088], [75.82977561510376, 26.940695866851936], [75.8297806207217, 26.940695827951597], [75.8297856305853, 26.940695789018083], [75.82979068276454, 26.940700141363823], [75.82979568838267, 26.940700102462944], [75.82980069824643, 26.940700063528894], [75.82980570811017, 26.940700024594662], [75.82981076029039, 26.940704376939664], [75.82981580818947, 26.94070872559604], [75.82982086037043, 26.940713077940654], [75.82982587023473, 26.940713039005693], [75.82983091817063, 26.94071739138293], [75.82983597031671, 26.940721740005554], [75.82984102249902, 26.940726092349408], [75.8298460704361, 26.940730444726068], [75.82985112258334, 26.940734793348106], [75.82985617476682, 26.940739145691385], [75.82986122270503, 26.94074349806747], [75.82986627485344, 26.94074784668894], [75.82987132703808, 26.940752199031635], [75.82987637497747, 26.940756551407137], [75.82988142712703, 26.94076090002803], [75.82988647931285, 26.940765252370156], [75.82989153149904, 26.940769604712084], [75.82989157378287, 26.94077399226993], [75.82989662172402, 26.94077834464466], [75.82990167391118, 26.940782696986187], [75.82990672606289, 26.940787045606104], [75.82991177400518, 26.94079139798026], [75.82991682619353, 26.940795750321218], [75.8299218783464, 26.94080009894056], [75.82992692628986, 26.94080445131413], [75.82992696861096, 26.940808842593338], [75.8299320207648, 26.94081319121229], [75.82993707295489, 26.94081754355247], [75.82994212514538, 26.94082189589246], [75.82994717309059, 26.940826248265246], [75.82994721537665, 26.940830635822994], [75.82995226756812, 26.940834988162585], [75.82995731972409, 26.940839336780563], [75.82996236767066, 26.940843689152775], [75.82996240999321, 26.940848080431905], [75.82996746215017, 26.9408524290495], [75.82997251434337, 26.940856781388312], [75.82997756229132, 26.940861133759938], [75.82997760461447, 26.940865525039044], [75.8299826567728, 26.94086987365604], [75.82998770896737, 26.94087422599428], [75.82998775129094, 26.940878617273366], [75.82999280345024, 26.940882965889962], [75.82999785140012, 26.940887318260806], [75.83000290359608, 26.94089167059845], [75.83000294588439, 26.940896058156085], [75.83000799808093, 26.94090041049353], [75.83000804040532, 26.940904801772575], [75.83001308832091, 26.940909150421398], [75.83001814051842, 26.94091350275845], [75.83001818284323, 26.940917894037472], [75.83002323500546, 26.940922242652892], [75.8300282829583, 26.940926595022553], [75.83002832528351, 26.940930986301556], [75.83003337744671, 26.940935334916595], [75.83003341977215, 26.940939726195584], [75.8300384719718, 26.94094407853184], [75.83003851426157, 26.940948466089406], [75.83004356646182, 26.94095281842546], [75.83004861441681, 26.94095717079432], [75.83004865670699, 26.94096155835186], [75.83005370890822, 26.940965910687517], [75.83005375123449, 26.940970301966463], [75.83005880340043, 26.940974650580507], [75.83005884572691, 26.940979041859446], [75.83006389368366, 26.9409833942277], [75.83006393597448, 26.940987781785207], [75.83006898817747, 26.940992134120265], [75.83006903050438, 26.940996525399182], [75.83007408267208, 26.941000874012616], [75.8300741249992, 26.94100526529152], [75.83007917295771, 26.941009617659176], [75.83007921524916, 26.941014005216648], [75.83008426745393, 26.9410183575511], [75.83008430978145, 26.941022748829987], [75.83008931965908, 26.941022709885356], [75.83008936195094, 26.94102709744281], [75.83009440991103, 26.941031449809877], [75.83009445223897, 26.941035841088734], [75.83009950440942, 26.941040189701173], [75.83009954673759, 26.941044580980023], [75.8301045989445, 26.941048933313677], [75.83010464123699, 26.941053320871102], [75.8301096934445, 26.941057673204554], [75.83010973577308, 26.941062064483383], [75.83011478369964, 26.941066413128212], [75.83011482602842, 26.941070804407033], [75.83011987823711, 26.94107515674008], [75.83011992053024, 26.941079544297473], [75.83012497273951, 26.94108389663032], [75.83012501506872, 26.94108828790911], [75.83013006299706, 26.94109263655334], [75.83013010532648, 26.94109702783213], [75.83013014765588, 26.941101419110904], [75.83013519983068, 26.94110576772193], [75.8301352421603, 26.941110159000694], [75.83014029437156, 26.941114511332934], [75.83014033666552, 26.94111889889027], [75.83014037899537, 26.941123290169017], [75.83014542696175, 26.941127642534056], [75.83014546925594, 26.941132030091378], [75.830145511586, 26.941136421370118], [75.83015056379884, 26.941140773701935], [75.83015060609324, 26.941145161259243], [75.83015064842353, 26.941149552537965], [75.83015570063716, 26.941153904869577], [75.83015574293178, 26.94115829242687], [75.83015578526228, 26.941162683705578], [75.83016083323105, 26.941167036069984], [75.83016087552588, 26.941171423627253], [75.83016091785659, 26.941175814905954], [75.83016096018733, 26.941180206184644], [75.83016601236686, 26.94118455479441], [75.8301660546978, 26.94118894607309], [75.83016609702875, 26.94119333735177], [75.83016613932382, 26.94119772490902], [75.83017119154024, 26.94120207723999], [75.83017123387141, 26.941206468518654], [75.83017127616671, 26.941210856075887], [75.83017131849789, 26.94121524735455], [75.83017136082907, 26.941219638633207], [75.8301714031244, 26.94122402619044], [75.83030646681513, 26.941205417127158], [75.83040150217795, 26.941191507079864], [75.83040154448214, 26.941195894636838], [75.83040158682222, 26.941200285915233], [75.83040162916231, 26.94120467719363], [75.83040668135196, 26.941209025794514], [75.83040672369226, 26.9412134170729], [75.83041177167271, 26.941217769428018], [75.83041682386333, 26.941222118028517], [75.83042187609024, 26.94122647035024], [75.83042692407186, 26.941230822704785], [75.83043193395822, 26.941230783747788], [75.83043698615019, 26.94123513234753], [75.83044199179106, 26.94123509342318], [75.8304470016776, 26.941235054465643], [75.8304520115641, 26.94123501550793], [75.83045702145061, 26.941234976550035], [75.83046202709146, 26.94123493762498], [75.83046703697795, 26.941234898666735], [75.83047200455746, 26.941230472151446], [75.83047701019808, 26.94123043322586], [75.83048197774112, 26.94122600298881], [75.83048694528375, 26.94122157275157], [75.83049190861624, 26.941217146268624], [75.83049687615811, 26.941212716031057], [75.83049683381431, 26.941208324752782], [75.83050180139149, 26.94120389823648], [75.83050175904754, 26.941199506958206], [75.83050171670355, 26.941195115679925], [75.8305016743955, 26.941190728123075], [75.83050163205155, 26.941186336844794], [75.83050158970761, 26.941181945566505], [75.83049653751566, 26.941177596969055], [75.83049649517194, 26.941173205690756], [75.83049144294468, 26.941168853371686], [75.83048639499935, 26.94116450474082], [75.83048134277288, 26.94116015242136], [75.8304762905468, 26.941155800101715], [75.83047128490948, 26.941155839027193], [75.83046623271984, 26.941151490428584], [75.83046122283703, 26.941151529386726], [75.83045621719988, 26.941151568311668], [75.8303420466389, 26.94073976031738], [75.83034705650367, 26.94073972136389], [75.83035206636843, 26.940739682410225], [75.83035707198755, 26.940739643489394], [75.83036208185229, 26.94073960453537], [75.83036704937895, 26.940735174302443], [75.83037205499784, 26.940735135381082], [75.83037706486236, 26.940735096426533], [75.83038203238824, 26.940730666193097], [75.83038699570398, 26.94072623971393], [75.83039196322908, 26.940721809480152], [75.83039693075379, 26.94071737924621], [75.8303968884505, 26.94071299168893], [75.83040185597463, 26.940708561454816], [75.83040181363526, 26.940704170176115], [75.8304017713318, 26.940699782618832], [75.83040172899244, 26.94069539134013], [75.8304016866531, 26.94069100006141], [75.83040164434965, 26.94068661250412], [75.83040160201033, 26.94068222122541], [75.83039654980905, 26.940677868902057], [75.83039650750582, 26.940673481344746], [75.83039145530513, 26.940669129021188], [75.83038640310482, 26.94066477669744], [75.83038135518645, 26.940660428061904], [75.83037630298692, 26.94065607573777], [75.83037129312588, 26.940656114692214], [75.83036628751049, 26.940656153613464], [75.83036123531173, 26.94065180128877], [75.83035622545086, 26.940651840242676], [75.83035121983563, 26.940651879163394], [75.83034620997475, 26.94065191811694], [75.83034120011385, 26.94065195707031], [75.8303361944986, 26.940651995990493], [75.83033122697424, 26.94065642622233], [75.83032621711313, 26.940656465175167], [75.830321207252, 26.94065650412783], [75.8303162439725, 26.940660934326147], [75.83022728868875, 26.940266489132288], [75.82998775629171, 26.939320031643952], [75.82981541076221, 26.93858817705394], [75.82974233004671, 26.93828141788971], [75.82955415941562, 26.937466267531555], [75.82955912683485, 26.937461837327604], [75.82956413655582, 26.937461798405206], [75.82956409428955, 26.937457410844914], [75.82956905746249, 26.93745298067361], [75.82957402488056, 26.93744855046915], [75.82957398261392, 26.937444162908857], [75.82957394031148, 26.93743977162713], [75.829573898009, 26.937435380345406], [75.82957385574241, 26.937430992785096], [75.82957381343996, 26.937426601503372], [75.82956876141832, 26.937422249144333], [75.82956371367845, 26.937417900473545], [75.8295636713764, 26.937413509191792], [75.82955866165759, 26.937413548114122], [75.82955360963712, 26.9374091957545], [75.82954855765287, 26.93740484711612], [75.82954355217993, 26.937404886004927], [75.82953854246145, 26.937404924926533], [75.82953353274296, 26.937404963847964], [75.82952852727, 26.93740500273623], [75.8295235175515, 26.9374050416573], [75.8295185500974, 26.937409468138583], [75.8295135869243, 26.937413898308137], [75.82950857720539, 26.937413937228683], [75.82950861950529, 26.93741832851051], [75.82950365205004, 26.937422754991278], [75.82949868887577, 26.93742718516033], [75.8294987311753, 26.93743157644215], [75.82949877343901, 26.937435964002546], [75.82949881573856, 26.937440355284355], [75.82928379118071, 26.937477147349625], [75.82921384117225, 26.93749525338303], [75.82919830893674, 26.937442689579367], [75.82905312512246, 26.93693014379466], [75.82905809253889, 26.93692571360811], [75.82906305995492, 26.936921283421388], [75.8290680231609, 26.93691685698889], [75.8290679808788, 26.93691246570624], [75.82907294829387, 26.93690803551918], [75.82907290604744, 26.936903647957955], [75.82907286376518, 26.936899256675296], [75.82907282148292, 26.936894865392638], [75.82907277923651, 26.936890477831408], [75.82906772725809, 26.936886125453114], [75.82906768497605, 26.93688173417044], [75.82906263727956, 26.9368773854804], [75.82905758530211, 26.93687303310172], [75.82905253332505, 26.936868680722846], [75.8290475278751, 26.936868719593512], [75.82904247589863, 26.936864367214255], [75.82903746620335, 26.936864406117525], [75.82903246075358, 26.936864444987656], [75.8290274510583, 26.936864483890574], [75.82902244136301, 26.93686452279332], [75.82901747394777, 26.936868952978628], [75.82901246849777, 26.936868991848048], [75.82900750108193, 26.936873422033017], [75.82900253366572, 26.936877852217815], [75.82899757045878, 26.936882278648046], [75.8284227868191, 26.937009672467013], [75.828237854664, 26.93705062098665], [75.82824316004945, 26.937081313653476], [75.82818823494169, 26.93709929886266], [75.82815207738975, 26.93698543102308], [75.82819702525968, 26.9369719111383], [75.82803653044395, 26.936428749162506], [75.82758173950396, 26.936533254197474], [75.82752474629402, 26.93633612945721], [75.82747979858777, 26.936349649125106], [75.82725048199748, 26.93542066579559], [75.82724547236359, 26.9354207046338], [75.82724042476603, 26.93541635215316], [75.82723541513232, 26.935416390991016], [75.82723036332565, 26.935412042264353], [75.82722535793756, 26.935412081068932], [75.82722030609571, 26.93540772862046], [75.82722026388741, 26.935403337334673], [75.82721521208191, 26.935398988607435], [75.82721516987382, 26.935394597321643], [75.8272101222786, 26.935390244839862], [75.8272100801065, 26.93538585727547], [75.82721003789862, 26.935381465989664], [75.82720999569077, 26.935377074703858], [75.82720995351869, 26.93537268713947], [75.82721491669702, 26.935368257049667], [75.827214874489, 26.93536386576385], [75.82721984194798, 26.935359439362394], [75.82721979973978, 26.935355048076584], [75.8272247671624, 26.93535061795353], [75.8272297725478, 26.935350579149038], [75.82723474000561, 26.935346152747083], [75.82723974963622, 26.935346113909322], [75.82724471281222, 26.93534168381851], [75.82724972244263, 26.9353416449804], [75.82725473207303, 26.93534160614212], [75.82725973745796, 26.935341567336575], [75.82726474708835, 26.93534152849793], [75.82726975671872, 26.93534148965911], [75.82727480855941, 26.935345842105875], [75.82727981394451, 26.93534580329962], [75.82728486574999, 26.935350152024572], [75.82728987538071, 26.93535011318503], [75.82729492297709, 26.935354465663956], [75.8272949651882, 26.93535885694968], [75.82934440837273, 26.934930256524492], [75.83221855164915, 26.934323978177268], [75.83255839726078, 26.934246696072478], [75.83255843967413, 26.934251087352642], [75.83255848205154, 26.934255474911385], [75.8325585244649, 26.934259866191546], [75.83256357220846, 26.934264218479136], [75.83256361458608, 26.93426860603787], [75.83256866657564, 26.934272958292187], [75.83256870898943, 26.93427734957233], [75.83257376094362, 26.934281698105018], [75.83257880868874, 26.934286050392014], [75.83258381826529, 26.93428601136563], [75.83258887025639, 26.93429036361918], [75.83259387983308, 26.93429032459243], [75.83259892754343, 26.934294673157243], [75.83260393712031, 26.934294634130136], [75.83260894669719, 26.93429459510285], [75.83261395202865, 26.934294556108465], [75.83261896160552, 26.934294517080815], [75.83262397118237, 26.934294478053], [75.83262893413361, 26.93429005149944], [75.83263394371025, 26.934290012471273], [75.83263891087037, 26.934285582162875], [75.83264391620139, 26.934285543167434], [75.83264888336092, 26.934281112858695], [75.83265385055599, 26.934276686271215], [75.83265380813891, 26.93427229499117], [75.83265877529747, 26.9342678646821], [75.83265873291617, 26.934263477123476], [75.83266369582876, 26.934259046847323], [75.83266365341132, 26.934254655567276], [75.83266361102984, 26.934250268008658], [75.83266356861243, 26.93424587672861], [75.832663526195, 26.934241485448567], [75.83266348381356, 26.934237097889937], [75.8326584360675, 26.934232745605964], [75.8326583936503, 26.934228354325903], [75.83265835126907, 26.93422396676726], [75.83268334822846, 26.934219380405864], [75.83293321179187, 26.934160357431672], [75.83293589273076, 26.934160940943922], [75.83292794772821, 26.934134056234413], [75.83322288436209, 26.934074685221017], [75.83332279563032, 26.934047564171696], [75.83333310750847, 26.934078213890796], [75.83427780484341, 26.933877671189332], [75.83466275902676, 26.933804419981282], [75.83473050031725, 26.934076096595316], [75.83467558199902, 26.934094084247228], [75.83474298360025, 26.934330638062193], [75.83480533344526, 26.934562843380448], [75.8349959959733, 26.93511454130549], [75.83502710761084, 26.935224058835928], [75.83512087214807, 26.935596509211734], [75.8351109378785, 26.935605366278235], [75.83510593249255, 26.935605405362512], [75.83510092286114, 26.93560544447976], [75.8350959557434, 26.935609874873123], [75.83509098862525, 26.93561430526632], [75.83508602575215, 26.9356187356262], [75.8350810585972, 26.93562316229764], [75.83508110111029, 26.935627553573944], [75.8350811436234, 26.935631944850243], [75.83508118610048, 26.93563633240512], [75.83508122861359, 26.935640723681416], [75.8350862807599, 26.93564507584112], [75.83509132862513, 26.935649424312363], [75.83509638077219, 26.935653776471675], [75.83510143291967, 26.935658128630806], [75.83510644255338, 26.93565808951349], [75.83511144794164, 26.93565805042914], [75.83511645757537, 26.935658011311464], [75.83512146720905, 26.935657972193614], [75.8351264725973, 26.935657933108736], [75.83513143971588, 26.935653502714306], [75.8351364068341, 26.935649072319706], [75.83514136974249, 26.935644645679503], [75.8351463368599, 26.935640215284575], [75.83514629434426, 26.935635824008354], [75.83514625186466, 26.935631436453548], [75.83514620934903, 26.935627045177334], [75.83514616683343, 26.935622653901103], [75.83514111472194, 26.93561830546498], [75.83514595432752, 26.93560070496277], [75.83525592396516, 26.935577895601547], [75.83572585972964, 26.935486415034052], [75.83640592656633, 26.935371339750002], [75.83641590327653, 26.935366873869707], [75.83667090027632, 26.935320975244792], [75.8368808658463, 26.93527981996551], [75.83687564763893, 26.935257910183154], [75.8369079658474, 26.935251403230648], [75.83877489898671, 26.93329371340955], [75.83829984182765, 26.93337206926698], [75.83787973291358, 26.93188701999245], [75.83767139736591, 26.931063258811417], [75.83734999260415, 26.929941834216645], [75.83720533934519, 26.92938297383986], [75.83721433315532, 26.92938092936769], [75.83714157973382, 26.9291092930229], [75.83702753036604, 26.928710660102904], [75.83669698366032, 26.928195179933937], [75.8368769738955, 26.928163038688552], [75.83707699700722, 26.928130744253], [75.83719188314032, 26.928099111798556], [75.83719693502108, 26.928103463893176], [75.83720198686615, 26.92810781226619], [75.83720703450251, 26.92811216439363], [75.8372120438, 26.928112125209235], [75.83721705309746, 26.928112086024655], [75.83722205814976, 26.928112046873107], [75.83722706744722, 26.928112007688174], [75.83723203415946, 26.928107577224644], [75.83723699666221, 26.928103150515568], [75.83724196337366, 26.928098720051697], [75.83724693008473, 26.928094289587648], [75.83724688753506, 26.928089902030656], [75.8372468449493, 26.928085510752236], [75.83724680236355, 26.928081119473813], [75.83724675981392, 26.928076731916814], [75.83724170793252, 26.928072379823966], [75.83723665605149, 26.92806802773094], [75.83723160845211, 26.92806367932593], [75.83722655657188, 26.92805932723251], [75.83722154727676, 26.928059366417372], [75.83721654222678, 26.92805940556885], [75.83721153293163, 26.928059444753348], [75.83720126315508, 26.928033182860464], [75.83708759210201, 26.927658227471834], [75.83702244741269, 26.92767017819566], [75.83699626030177, 26.927551842972914], [75.83705121762786, 26.92753824204053], [75.836988484461, 26.92726653087551], [75.83695720308916, 26.92713945225265], [75.83694171141649, 26.927091280554393], [75.83657184335475, 26.92716880763169], [75.83635389554252, 26.926384632187535], [75.83633827662877, 26.926323290289268], [75.83634328584841, 26.92632325113751], [75.83634829506806, 26.92632321198558], [75.8363533000426, 26.926323172866653], [75.83635830926222, 26.926323133714362], [75.83636327593294, 26.92631870328132], [75.83636828090725, 26.926318664161865], [75.83637324761344, 26.926314237449905], [75.83637821428316, 26.92630980701635], [75.83637817173368, 26.926305415735776], [75.83638313415774, 26.92630098533524], [75.83638309164417, 26.92629659777609], [75.83638304909452, 26.926292206495514], [75.83638300654488, 26.926287815214938], [75.83638296403133, 26.926283427655783], [75.83637791650916, 26.926279075495135], [75.8363778739958, 26.92627468793597], [75.83637282222914, 26.9262703358083], [75.83636777046286, 26.926265983680445], [75.83636276549086, 26.92626602279983], [75.83635771372515, 26.92626167067159], [75.83635270450823, 26.926261709823795], [75.83634769953642, 26.92626174894264], [75.83634269031947, 26.926261788094493], [75.83633768110253, 26.92626182724616], [75.83633271443323, 26.92626625767831], [75.83632770946117, 26.926266296796452], [75.83632270024403, 26.926266335947595], [75.83631773357392, 26.926270766379222], [75.83629698208898, 26.926196289749956], [75.83620891206449, 26.92589404231781], [75.83612024717397, 26.92553033547534], [75.83600620533441, 26.925131701363927], [75.83589733928127, 26.92475058570407], [75.8357522325267, 26.924246825032757], [75.83560725042375, 26.923756238029352], [75.83556052358217, 26.92358537464336], [75.83540960345638, 26.922998240527054], [75.83513548121884, 26.922100352616052], [75.83504168657527, 26.921723510004004], [75.83503044092191, 26.921596278119395], [75.83532020742788, 26.921523772361816], [75.8353555168741, 26.921549831471946], [75.8353605683873, 26.92155418364466], [75.83536561565596, 26.921558535850323], [75.83537066716993, 26.92156288802265], [75.83537567618067, 26.92156284891006], [75.83538068519142, 26.921562809797287], [75.83538568995723, 26.92156277071749], [75.83539069896797, 26.921562731604364], [75.8353956654743, 26.921558301206346], [75.83540062773534, 26.92155387084131], [75.83540559424091, 26.921549440442966], [75.83541056074608, 26.921545010044447], [75.83541051831321, 26.9215406262026], [75.83541047580829, 26.92153623491789], [75.8354104333034, 26.92153184363318], [75.83541039087054, 26.92152745979133], [75.8354053393567, 26.921523107620395], [75.835405296852, 26.92151871633568], [75.83540024533876, 26.921514364164544], [75.83534978560888, 26.92147524851375], [75.83528769751148, 26.921269379415623], [75.83606223442254, 26.921092108922338], [75.83636731928475, 26.92105020777985], [75.83654165552922, 26.920952251933127], [75.83654065386104, 26.920948050344794], [75.83654161298139, 26.920947860649406], [75.83655213713533, 26.92100046289399], [75.83655217968364, 26.92100485417767], [75.83655723121664, 26.92100920630739], [75.83656227850514, 26.921013558470094], [75.83656733003892, 26.92101791059943], [75.8365723815731, 26.921022262728567], [75.83657738631344, 26.921022223607068], [75.83658243784818, 26.921026575735834], [75.8365874468336, 26.921026536580793], [75.83659245581902, 26.92102649742557], [75.83659746055952, 26.921026458303356], [75.83660246954491, 26.921026419147783], [75.83660747853028, 26.921026379992025], [75.83661244072009, 26.921021949585686], [75.83661744970526, 26.921021910429584], [75.83662241613936, 26.921017479989725], [75.83662737832819, 26.921013049582875], [75.83663234476153, 26.921008619142675], [75.83663731119447, 26.92100418870231], [75.83663726864286, 26.920999797418734], [75.83664223090246, 26.920995374454243], [75.83664218835068, 26.92099098317067], [75.8366421457989, 26.920986591887093], [75.83662657014465, 26.92092964496579], [75.8366415502913, 26.92092513624529], [75.83721641297888, 26.92081527216359], [75.8376162626314, 26.92073311001337], [75.83762670639656, 26.92077693701293], [75.83763171112464, 26.920776897854314], [75.83763175364223, 26.92078128169398], [75.83763680520535, 26.920785633784465], [75.83764185676887, 26.920789985874766], [75.83764686149749, 26.920789946715587], [75.83765191306156, 26.92079429880551], [75.83765692203526, 26.920794259612755], [75.83766192676407, 26.920794220453047], [75.83766693573776, 26.920794181259936], [75.83767190212009, 26.920789750784184], [75.83767690684867, 26.92078971162394], [75.83768187323041, 26.92078528114785], [75.83768683961176, 26.92078085067159], [75.83768679709206, 26.920776466831985], [75.83769176347285, 26.92077203635556], [75.83769172088078, 26.920767645073102], [75.83768641383756, 26.9207369527326], [75.83804998140359, 26.92064765941702], [75.83805629856407, 26.920663814482506], [75.83854102255448, 26.92055465055788], [75.83882577549375, 26.92048222691099], [75.83882581764402, 26.920486568211498], [75.83936549359952, 26.920363796194497], [75.83958383789151, 26.920319050054285], [75.83959589288045, 26.920366382080477], [75.8396009402531, 26.920370734132884], [75.83960098291848, 26.920375125413305], [75.83960603446428, 26.920379469989378], [75.83961108608278, 26.920383822008123], [75.8396161334568, 26.92038817405994], [75.83962118500375, 26.920392518635442], [75.83962619395702, 26.920392479373234], [75.83963124133199, 26.92039683142448], [75.83963625028544, 26.920396792161906], [75.83964125923886, 26.92039675289916], [75.83964626394742, 26.920396713669504], [75.83965127290084, 26.920396674406398], [75.83965628185425, 26.920396635143113], [75.83966128656277, 26.920396595912923], [75.83966625284822, 26.920392165368966], [75.8396712618014, 26.920392126105156], [75.83967622815857, 26.9203877030037], [75.83968119019818, 26.920383272492504], [75.83968615648226, 26.920378841947866], [75.83969112283826, 26.920374418845906], [75.83969108016939, 26.920370027565596], [75.83969604220763, 26.920365597053898], [75.83969599953859, 26.920361205773588], [75.83969595686955, 26.920356814493275], [75.83969591420052, 26.920352423212957], [75.83969052985738, 26.920297185122063], [75.84110765268669, 26.920006758458655], [75.84117480698148, 26.919993981810737], [75.8415456039485, 26.919918494657384], [75.84155967083441, 26.919916325251233], [75.84156005535452, 26.919955831870563], [75.84156009809512, 26.91996022314888], [75.84156014083572, 26.9199646144272], [75.84156518826339, 26.919968966408277], [75.84157023993629, 26.919973318355826], [75.84157028267731, 26.919977709634125], [75.84157529160959, 26.919977670303183], [75.84158034328327, 26.91998202225035], [75.84158539071248, 26.91998637423065], [75.84159039964513, 26.919986334899175], [75.84159540857776, 26.91998629556751], [75.84160041326552, 26.919986256269002], [75.84160542219813, 26.91998621693698], [75.84161043113073, 26.919986177604788], [75.8416153930757, 26.919981747027506], [75.84162035926512, 26.919977316416727], [75.84162536819733, 26.919977277084012], [75.84162532545416, 26.919972885805777], [75.84163028739798, 26.919968455228], [75.84163525358623, 26.919964024616707], [75.84163521084272, 26.91995963333848], [75.84163516809923, 26.91995524206025], [75.84163512535572, 26.919950850782016], [75.84163508268469, 26.919946466946623], [75.84163503994121, 26.91994207566839], [75.84163499719774, 26.91993768439014], [75.84162472719585, 26.91991142279592], [75.84162145360288, 26.919903052990243], [75.84209446019291, 26.919806756086157], [75.84253423281348, 26.9197111065115], [75.84281902734206, 26.919643008728745], [75.8433287780033, 26.919533631745757], [75.84333896274171, 26.91955111065613], [75.84335895140381, 26.91954656928187], [75.84342666102087, 26.919813843260076], [75.84341172412232, 26.919822743967885], [75.8434067151994, 26.91982278336382], [75.843401753333, 26.919827214002375], [75.84339678714882, 26.919831637231315], [75.8433918210368, 26.919836067902928], [75.84339186384811, 26.919840459179113], [75.84339190665945, 26.919844850455302], [75.84339194947079, 26.919849241731487], [75.84339700120643, 26.919853593612228], [75.84340205294245, 26.919857945492765], [75.84340710043402, 26.91986229740651], [75.84341210935867, 26.919862258010525], [75.84341711828331, 26.91986221861436], [75.84342212296312, 26.9198621792514], [75.84342713188775, 26.919862139854878], [75.84343209799945, 26.919857709182047], [75.84343706411077, 26.91985327850905], [75.84344202597686, 26.919848847869268], [75.84344198316359, 26.919844456593147], [75.84454139109427, 26.919603116583456], [75.84453647206536, 26.919611931092895], [75.84453651492065, 26.919616322367844], [75.84453655777594, 26.919620713642786], [75.84453660063124, 26.91962510491774], [75.84453664348655, 26.91962949619268], [75.84453668634188, 26.919633887467626], [75.84454173386558, 26.919638239340145], [75.8445417767211, 26.91964263061507], [75.8445468284176, 26.919646975011126], [75.84454687127334, 26.919651366286043], [75.84455192304307, 26.919655718124748], [75.84455697049569, 26.919660062553827], [75.84456197940985, 26.919660023117252], [75.84456703118052, 26.919664374955385], [75.84457203584999, 26.919664335551865], [75.84457708762125, 26.919668687389617], [75.84458209653575, 26.919668647952317], [75.84458710120539, 26.91966860854826], [75.84459211011988, 26.91966856911061], [75.84459711903435, 26.91966852967277], [75.8446021279488, 26.919668490234766], [75.84460713261842, 26.91966845083], [75.84461214153288, 26.919668411391633], [75.84461209867457, 26.91966402011681], [75.84461706473034, 26.91965958940344], [75.84462206939955, 26.919659549998162], [75.84462703552735, 26.9196551267273], [75.84463200158214, 26.919650696013427], [75.84463195872311, 26.91964630473861], [75.84463692060513, 26.91964188150084], [75.84464188665895, 26.919637450786638], [75.84464184379955, 26.919633059511828], [75.84464180094017, 26.919628668237017], [75.84464676699324, 26.919624237522648], [75.84464672413367, 26.91961984624783], [75.8446466812741, 26.91961545497302], [75.84464663841455, 26.9196110636982], [75.844646595555, 26.919606672423377], [75.84464655276811, 26.919602288591395], [75.84464650990859, 26.919597897316567], [75.84464145813799, 26.919593545481245], [75.84464141535132, 26.919589161649245], [75.844641372492, 26.919584770374406], [75.84463632072219, 26.91958041853887], [75.84463127319759, 26.91957606666972], [75.84463123033869, 26.919571675394863], [75.84462617856985, 26.919567323558937], [75.84462112680139, 26.91956297172281], [75.84461612213646, 26.919563011127963], [75.84461107036857, 26.91955865929147], [75.84460601860107, 26.919554307454785], [75.8446010139365, 26.91955434685939], [75.84459600502707, 26.91955438629725], [75.84459095333297, 26.91955004190284], [75.84458594442371, 26.91955008134034], [75.8445809397593, 26.919550120744226], [75.84457593085003, 26.91955016018137], [75.84457580235255, 26.91953699379936], [75.84448814035676, 26.919245220821082], [75.84447282210431, 26.919248032571495], [75.84446238018377, 26.919204213536737], [75.84442736926458, 26.919208880769553], [75.84437553670797, 26.919029277338183], [75.84442051832492, 26.919020147458504], [75.84431685366754, 26.91866094799216], [75.84432682856252, 26.918656477862108], [75.84433183318787, 26.918656438468137], [75.8443367992119, 26.918652007764784], [75.84434180808184, 26.91865196833705], [75.8443467741779, 26.918647545076198], [75.84435173595615, 26.918643114405757], [75.84435670197881, 26.91863868370172], [75.84436166807372, 26.91863426044036], [75.84436162522667, 26.918629869164587], [75.84436658700355, 26.918625438493635], [75.84436654415633, 26.918621047217865], [75.84436650130912, 26.918616655942085], [75.8443664584619, 26.9186122646663], [75.84436641561472, 26.91860787339052], [75.84436637276752, 26.918603482114737], [75.84436632992033, 26.91859909083895], [75.84436128245059, 26.918594738958284], [75.84436123967625, 26.91859035512533], [75.84435618796228, 26.918586003277877], [75.84435113632132, 26.91858165887308], [75.84434608885292, 26.918577306991835], [75.84434103714011, 26.9185729551438], [75.8443359854277, 26.91856860329559], [75.84433093371567, 26.918564251447172], [75.84432592909438, 26.918564290841022], [75.84432092022828, 26.9185643302681], [75.84431586851701, 26.918559978419133], [75.8443108638959, 26.91856001781244], [75.84430585502997, 26.918560057238984], [75.84430084616403, 26.91856009666534], [75.84429584154289, 26.918560136058115], [75.84429083267693, 26.91856017548413], [75.84428586665499, 26.918564606185864], [75.84428085778882, 26.918564645611525], [75.84427585316745, 26.918564685003595], [75.8442708871447, 26.918569115704827], [75.84426592112156, 26.918573546405884], [75.84426095934285, 26.91857797707337], [75.84425599331892, 26.918582407774093], [75.8442560360892, 26.918586791607186], [75.84425107006473, 26.918591222307743], [75.84425111283481, 26.91859560614084], [75.84424615105456, 26.918600036807817], [75.84394620920497, 26.918655081779008], [75.84388380348074, 26.918418500133832], [75.84368641153107, 26.917691246219512], [75.84340642061126, 26.916710002341674], [75.84333361865201, 26.91643397758351], [75.84327130108359, 26.91620617065001], [75.84318318253624, 26.915899532363962], [75.843223111478, 26.91588605099346], [75.84322816302642, 26.915890402886912], [75.84323312897673, 26.91588597222249], [75.84323809068195, 26.91588154159127], [75.84324305663147, 26.915877110926512], [75.84324802258061, 26.915872680261582], [75.84324797985336, 26.915868296425582], [75.84324793705356, 26.91586390514674], [75.84324789425378, 26.915859513867897], [75.843247851454, 26.915855122589047], [75.84324279990643, 26.91585077069625], [75.84323774835927, 26.91584641880327], [75.84323270105719, 26.915842066876706], [75.84322764951078, 26.91583771498333], [75.84322264076354, 26.915837754368656], [75.84321763201629, 26.915837793753806], [75.84321262751374, 26.915837833105403], [75.84316259557121, 26.915842618124202], [75.84315202187301, 26.91578562514887], [75.84271608737097, 26.91421730012579], [75.84272109604738, 26.91421726076009], [75.84332108151825, 26.91412034227365], [75.84332112431827, 26.914124733553493], [75.84332617578997, 26.914129085446262], [75.84332621851766, 26.91413346928325], [75.84333126998995, 26.91413782117581], [75.84333631721799, 26.91414217310156], [75.84334136869106, 26.914146524993736], [75.84334637736349, 26.91414648560593], [75.8433514245925, 26.914150837531118], [75.8433564332651, 26.91415079814294], [75.8433614419377, 26.914150758754598], [75.84336644636565, 26.91415071939945], [75.84337145503822, 26.91415068001075], [75.8433764637108, 26.914150640621866], [75.84338142958097, 26.914146209953056], [75.8433864340087, 26.914146170597206], [75.84339139987829, 26.91414173992805], [75.84339636574748, 26.91413730925872], [75.84340132737167, 26.914132878622613], [75.84340128464109, 26.914128494785718], [75.84340625050932, 26.91412406411607], [75.84340620770602, 26.91411967283632], [75.84340616490273, 26.914115281556583], [75.84340612217198, 26.914110897719677], [75.8434060793687, 26.914106506439932], [75.84340102789504, 26.91410215455006], [75.84340098509198, 26.9140977632703], [75.84339593786353, 26.91409341134684], [75.84339088639085, 26.914089059456572], [75.84338583491856, 26.914084707566115], [75.84338083049354, 26.914084746921873], [75.84337577902183, 26.914080395031046], [75.84337077035235, 26.914080434419827], [75.84336576168288, 26.91408047380844], [75.84336075725801, 26.91408051316349], [75.8433030646073, 26.913813152674432], [75.84319889538723, 26.91340127889548], [75.84310572808866, 26.91309029592889], [75.84301170157723, 26.91269150961564], [75.84293032395625, 26.912284908628042], [75.84290762004645, 26.912288410628474], [75.84286764961115, 26.912297508049246], [75.8428417127636, 26.91220551027399], [75.84273681871193, 26.912232676977148], [75.84192717352327, 26.912397091551266], [75.84193248125396, 26.91242778375064], [75.84184251859087, 26.91244604929088], [75.84183725362347, 26.91241974837035], [75.84172234191382, 26.91244699299406], [75.84171232895909, 26.91244707161749], [75.84094261292503, 26.91259799963699], [75.84014798384989, 26.912762286248984], [75.83973314672299, 26.912844565235318], [75.8396182340313, 26.91287180816647], [75.83928838931492, 26.912940244855328], [75.83926763444663, 26.912865779709865], [75.83926759180535, 26.912861388424364], [75.83926254054298, 26.912857036380675], [75.83925749352558, 26.912852684303537], [75.83925248490463, 26.91285272354499], [75.83924743364322, 26.91284837150073], [75.83924242926706, 26.912848410708566], [75.83923742064628, 26.91284844994949], [75.83923241202551, 26.912848489190225], [75.83922744604442, 26.912852919716347], [75.83922244166803, 26.912852958923477], [75.83921747568635, 26.91285738944926], [75.83921250970428, 26.912861819974868], [75.83921255234343, 26.912866211260432], [75.8392075905331, 26.912870634309776], [75.83920763317208, 26.91287502559534], [75.83922851175046, 26.91296267208299], [75.83906853389571, 26.912990267630793], [75.83874866310836, 26.913054233316792], [75.83856377392057, 26.913095198239617], [75.83812902754616, 26.913190803290636], [75.83792411174923, 26.913231916682168], [75.83754431888573, 26.913313915040728], [75.83740437040916, 26.913341352029], [75.83709947256042, 26.91340081271146], [75.83681465152569, 26.913464507409756], [75.83679920017767, 26.9134207194374], [75.83679415329864, 26.91341637471379], [75.83678910210327, 26.913412022580314], [75.83678409345426, 26.913412061734782], [75.83677904650409, 26.913407709567753], [75.83677403785526, 26.91340774872186], [75.83676902920642, 26.913407787875787], [75.836763982257, 26.913403435708194], [75.83675897360835, 26.913403474861763], [75.83675396495968, 26.91340351401515], [75.83674895631101, 26.91340355316837], [75.83674395190695, 26.913403592288226], [75.83673894325827, 26.91340363144109], [75.83673393460957, 26.91340367059377], [75.83672897274933, 26.9134081010013], [75.8367239641004, 26.91340814015363], [75.83671895545149, 26.913408179305783], [75.83671399359045, 26.9134126097128], [75.83670898494132, 26.913412648864607], [75.83670401883509, 26.913417079304466], [75.83669905690097, 26.913421502268115], [75.83669409079394, 26.91342593270763], [75.83669413333648, 26.913430323995865], [75.83669977991194, 26.91349613183906], [75.83664974865799, 26.91350091453363], [75.83614485220151, 26.913592670200725], [75.83559001265937, 26.913697981504345], [75.83551503142469, 26.91371174187178], [75.83492547817673, 26.913852447163194], [75.83490998933732, 26.91380427509044], [75.83490994686328, 26.913799883800305], [75.83490990438924, 26.913795492510168], [75.83490485324691, 26.91379114030823], [75.83489980210497, 26.9137867881061], [75.83489475520805, 26.913782435870644], [75.8348897040669, 26.913778083668134], [75.83488469539915, 26.91377812275559], [75.83487964425856, 26.913773770552698], [75.83487463983562, 26.91377380960668], [75.83486963116805, 26.913773848693605], [75.83486462250045, 26.913773887780355], [75.83485961807749, 26.913773926833805], [75.83485460940989, 26.9137739659202], [75.83484960074227, 26.91377400500642], [75.83484463879076, 26.913778435349563], [75.83483963012293, 26.913778474435432], [75.8348346639262, 26.91378290481136], [75.83482969772908, 26.913787335187113], [75.83482473577621, 26.91379176552958], [75.8348197695783, 26.913796195905004], [75.83481981204886, 26.913800587195244], [75.83481484585039, 26.913805017570496], [75.83481488824877, 26.913809401417875], [75.83481493071916, 26.913813792708115], [75.83481497318955, 26.91381818399835], [75.83481501565996, 26.91382257528858], [75.83481505805838, 26.913826959135953], [75.83483063180333, 26.913883913800188], [75.83464557417057, 26.913907315899138], [75.8341257795574, 26.914012348052008], [75.83305165212707, 26.914275360328663], [75.83285173685259, 26.91431643489186], [75.83285182157107, 26.914325210033518], [75.83286735201636, 26.914377773639266], [75.83268241595198, 26.91441433965829], [75.83267711484991, 26.914383647030967], [75.83260212852217, 26.914397405901575], [75.83259266136646, 26.914361488152363], [75.83158702278396, 26.914550186656786], [75.83132710351711, 26.91460050173732], [75.83099232425477, 26.914677748250476], [75.83067248597051, 26.914746087131245], [75.83066217243247, 26.91471543338937], [75.83066213012145, 26.91471104209475], [75.83066208788215, 26.91470665824301], [75.83065704110153, 26.914702305853815], [75.83065699879074, 26.914697914559177], [75.83065194776604, 26.91469356220279], [75.83064689681345, 26.91468921728908], [75.83064185003418, 26.914684864899307], [75.83063684132064, 26.914684903837017], [75.8306317902973, 26.914680551479872], [75.8306267858286, 26.91468059038421], [75.83062177711523, 26.91468062932138], [75.83061676840182, 26.914680668258374], [75.83061175968844, 26.914680707195185], [75.83060679752853, 26.914685137393526], [75.83060178881493, 26.914685176329986], [75.83059682240976, 26.914689606560987], [75.83059186017717, 26.91469402931595], [75.83058689377123, 26.91469845954661], [75.83058693607931, 26.914702850841326], [75.8305819696728, 26.914707281071827], [75.830582011909, 26.91471166492368], [75.83058205421692, 26.91471605621839], [75.83058209652485, 26.914720447513105], [75.83058213883278, 26.914724838807814], [75.8305871898563, 26.91472919116671], [75.83058723216443, 26.91473358246141], [75.83059253689537, 26.91476426770244], [75.83048754851954, 26.914782650303096], [75.8301076599696, 26.91485584629015], [75.82945796343219, 26.91499260460608], [75.82942796181268, 26.914997229209536], [75.82880329875191, 26.91513379013489], [75.82879829001607, 26.915133829007836], [75.8287932812802, 26.915133867880595], [75.82879323911247, 26.915129484026895], [75.82879319687318, 26.915125092730314], [75.82879315463389, 26.915120701433732], [75.82878810790419, 26.915116348976763], [75.82878806566511, 26.915111957680168], [75.82878802342603, 26.915107566383572], [75.82878297245244, 26.915103213959334], [75.82877792147923, 26.91509886153491], [75.8287728748227, 26.915094516520224], [75.82876782385027, 26.91509016409541], [75.82876277287824, 26.915085811670405], [75.82875776838912, 26.915085850508916], [75.82875275965533, 26.915085889380194], [75.82874770868405, 26.915081536954627], [75.82874269995042, 26.915081575825543], [75.82873769546148, 26.91508161466334], [75.82873268672783, 26.9150816535339], [75.8287276779942, 26.915081692404282], [75.82872267350523, 26.915081731241546], [75.82871770700787, 26.91508616140827], [75.82871269827402, 26.91508620027813], [75.82870769378484, 26.915086239114864], [75.82870272728668, 26.915090669281078], [75.82869776078815, 26.915095099447125], [75.82869279421766, 26.915099522170117], [75.82868783196304, 26.915103952302886], [75.82868286546335, 26.91510838246843], [75.82868290769835, 26.915112773765145], [75.82868294993338, 26.915117165061865], [75.82867798343291, 26.915121595227234], [75.82867802566776, 26.915125986523957], [75.82867806790262, 26.91513037782067], [75.82867811006588, 26.91513476167451], [75.82867815230074, 26.91513915297122], [75.8286781945356, 26.91514354426793], [75.82868324550714, 26.91514789669594], [75.82868328767063, 26.915152280549762], [75.82868833864273, 26.915156632977578], [75.82848842006833, 26.915197701428497], [75.82843838763671, 26.915202481237007], [75.82765369560579, 26.91536222927899], [75.82765373780134, 26.915366620576776], [75.82748394675846, 26.91541622984139], [75.82695433963993, 26.915543262512923], [75.82690434914304, 26.915552433081], [75.82689374144276, 26.91549104739841], [75.82689369927643, 26.91548665609981], [75.82689365718159, 26.915482272244077], [75.82688860626165, 26.915477919751012], [75.8268835595868, 26.91547356722487], [75.82687850866765, 26.915469214731417], [75.82687345782034, 26.915464869680648], [75.82686845331197, 26.915464908452584], [75.82686340239377, 26.91546055595856], [75.82685839364088, 26.915460594763008], [75.82685338913268, 26.9154606335344], [75.82684838037976, 26.9154606723385], [75.82684337162684, 26.915460711142423], [75.82683840503805, 26.915465141244855], [75.82683340052962, 26.91546518001554], [75.82682843386877, 26.915469602674758], [75.82682346727901, 26.915474032776668], [75.82681850493357, 26.915478462845538], [75.82681353834302, 26.915482892947118], [75.82681358043477, 26.91548727680295], [75.82681362259801, 26.915491668101645], [75.82681366476123, 26.91549605940034], [75.8268187156792, 26.915500411896122], [75.82682936125929, 26.915566188916692], [75.82670442915754, 26.91559349903391], [75.82548462663209, 26.915813681143838], [75.8254196979635, 26.915831742582963], [75.82534479595849, 26.915854272778898], [75.82535519027549, 26.915893709551597], [75.82500024772698, 26.915957923074952], [75.8250209097962, 26.916023615329483], [75.82466112822104, 26.91610542449603], [75.82465060795262, 26.916052821208538], [75.82456560611185, 26.916066653274672], [75.82456547988065, 26.916053479371673], [75.82413559182046, 26.916135829191326], [75.82413075309738, 26.916107812895003], [75.82178630815741, 26.91659739302942], [75.82168136056946, 26.91662016043485], [75.82102166696494, 26.91676134145701], [75.82085170525264, 26.91679339249824], [75.82062674284585, 26.916834635405344], [75.82062752568525, 26.916837923576665], [75.82050681440826, 26.916861901530016], [75.81988705219993, 26.916989602267055], [75.81945223386272, 26.917080759125913], [75.81944722715073, 26.917080797652744], [75.81944226224802, 26.917085220042896], [75.81943725341343, 26.917085258585715], [75.8194322467012, 26.91708529711202], [75.81942723786659, 26.917085335654484], [75.81942227303387, 26.917089765486846], [75.81941726632144, 26.917089804012623], [75.81941225748659, 26.917089842554564], [75.81940729265308, 26.91709427238641], [75.81940228381804, 26.917094310927993], [75.81939727710537, 26.91709434945308], [75.8193922703927, 26.917094387977972], [75.8193873034358, 26.91709881782547], [75.81938229672292, 26.917098856350012], [75.81937728788763, 26.917098894890717], [75.81937228117474, 26.91709893341492], [75.81936731633924, 26.917103363245403], [75.81936230750374, 26.917103401785578], [75.81935730079063, 26.91710344030924], [75.81935233383193, 26.917107870155547], [75.81934732711862, 26.917107908678865], [75.81934232040527, 26.917107947202002], [75.81933731156953, 26.9171079857413], [75.81933234673225, 26.91711241557059], [75.81932733789631, 26.91711245410953], [75.81932233118275, 26.91711249263197], [75.81931732446917, 26.917112531154228], [75.8193123575085, 26.917116960999156], [75.81930735079472, 26.917116999521074], [75.81930234408092, 26.917117038042807], [75.81929733524473, 26.917117076580684], [75.81929237040545, 26.91712150640861], [75.81928736156905, 26.917121544946145], [75.81928235485503, 26.917121583467168], [75.819277348141, 26.917121621988027], [75.81927238110737, 26.917126044388695], [75.81926737439314, 26.917126082909203], [75.8192623655565, 26.917126121445854], [75.81925735884225, 26.917126159966003], [75.81925239400098, 26.91713058979255], [75.81924738516412, 26.917130628328675], [75.81924237844964, 26.917130666848294], [75.81923737173517, 26.917130705367747], [75.81923240477052, 26.917135135209936], [75.81922739805582, 26.917135173729026], [75.81922238921874, 26.917135212264274], [75.81921738250402, 26.917135250783016], [75.8192124175898, 26.91713967316531], [75.81920740875249, 26.91713971170002], [75.81920240203756, 26.917139750218233], [75.81919739320024, 26.917139788752603], [75.81919242835599, 26.917144218577093], [75.81918742164085, 26.917144257094783], [75.8191824128033, 26.917144295628617], [75.81917740608814, 26.91714433414595], [75.81917239725057, 26.91714437267943], [75.81916743240512, 26.91714880250307], [75.81916242568975, 26.91714884101988], [75.81915741685197, 26.917148879552823], [75.81915241013657, 26.91714891806928], [75.81914744529013, 26.917153347892235], [75.81914243645214, 26.917153386424665], [75.81913742973651, 26.91715342494059], [75.8191324208985, 26.91715346347266], [75.81912745605106, 26.917157893294934], [75.81912244933523, 26.91715793181033], [75.81911744049698, 26.917157970341876], [75.81911243378114, 26.917158008856916], [75.81910742494287, 26.917158047388103], [75.81910246009424, 26.917162477209526], [75.81909745337818, 26.91716251572404], [75.8190924445397, 26.917162554254702], [75.81908743782361, 26.91716259276886], [75.81908247085161, 26.917167022605923], [75.81907746413529, 26.917167061119727], [75.81907245741898, 26.91716709963336], [75.81906744858028, 26.91716713816314], [75.81906244186396, 26.91716717667642], [75.81905747489074, 26.917171606512625], [75.8190524681742, 26.917171645025558], [75.81904746145767, 26.917171683538307], [75.81904245261873, 26.917171722067206], [75.81903748776692, 26.9171761518864], [75.81903247892775, 26.917176190414953], [75.81902747221099, 26.917176228926998], [75.8190224654942, 26.91717626743887], [75.81901745665502, 26.917176305966883], [75.81901249173106, 26.91718072834233], [75.81900748289166, 26.917180766869993], [75.81900247617466, 26.917180805381157], [75.81899746945764, 26.917180843892147], [75.81899246061823, 26.917180882419284], [75.81898749576403, 26.917185312236768], [75.81898248904679, 26.917185350747225], [75.81897748020717, 26.917185389273833], [75.8189724734899, 26.917185427783934], [75.81896750651232, 26.917189857617068], [75.81896249979485, 26.917189896126818], [75.81895749307739, 26.9171899346364], [75.81895248423751, 26.917189973162124], [75.81894747752003, 26.91719001167134], [75.81894251054123, 26.917194441503618], [75.81893750382353, 26.917194480012494], [75.81893249710583, 26.917194518521182], [75.81892748826573, 26.917194557046024], [75.818922481548, 26.91719459555437], [75.81891751661946, 26.917199017926563], [75.81891250777913, 26.91719905645089], [75.81890750106119, 26.9171990949587], [75.81890249222084, 26.917199133482654], [75.81890245043225, 26.917194749618602], [75.8189024085727, 26.91719035831165], [75.81890236671316, 26.917185967004695], [75.81890232485362, 26.91718157569774], [75.81890228306504, 26.917177191833673], [75.81889723448873, 26.91717283903414], [75.81889719262941, 26.917168447727168], [75.81889214405368, 26.917164094927426], [75.81889210219458, 26.91715970362045], [75.81888705149706, 26.917155350836826], [75.81888200292231, 26.917150998036696], [75.81887695222555, 26.917146645252696], [75.81887190365158, 26.917142292452183], [75.81886689693609, 26.917142330958498], [75.8188618880982, 26.917142369480967], [75.81885683959592, 26.917138024122785], [75.81885183075822, 26.917138062644884], [75.81884682404288, 26.917138101150485], [75.81884181732754, 26.91713813965591], [75.8188368084898, 26.91713817817748], [75.81883180177444, 26.917138216682552], [75.8188268347223, 26.91714263906794], [75.81882182800672, 26.917142677572667], [75.81881682129115, 26.91714271607721], [75.81881185430915, 26.917147145904977], [75.81880688944915, 26.91715157571626], [75.81880192458877, 26.917156005527378], [75.8187969576056, 26.917160435354646], [75.81879699946103, 26.917164826661743], [75.81879203459968, 26.917169256472516], [75.81879207645493, 26.91717364777961], [75.8187871094706, 26.917178077606547], [75.81878715125474, 26.917182461470748], [75.81878719310983, 26.91718685277784], [75.8187872349649, 26.917191244084925], [75.81878727682, 26.917195635392016], [75.81878731860417, 26.917200019256196], [75.81878736045928, 26.917204410563272], [75.81879241115531, 26.91720876335047], [75.81879245301063, 26.917213154657535], [75.81879249486596, 26.917217545964608], [75.81869255269332, 26.917240265225946], [75.81701344184006, 26.91761318397084], [75.81699812487388, 26.917582560163066], [75.81691420322423, 26.917183685237504], [75.81691921206655, 26.917183646784103], [75.8169241770035, 26.91717921703753], [75.81692914194005, 26.917174787290797], [75.81693410899862, 26.917170357527596], [75.81693907393439, 26.917165927780523], [75.81693903215088, 26.917161536471255], [75.81694399920848, 26.917157106707723], [75.81694395749561, 26.91715272284135], [75.81694892243024, 26.91714829309395], [75.81694888064636, 26.917143901784677], [75.81694883893331, 26.917139517918304], [75.81694879714945, 26.917135126609033], [75.8169487553656, 26.91713073529976], [75.81694871358177, 26.91712634399048], [75.81694867179793, 26.917121952681196], [75.8169486300141, 26.917117561371914], [75.8169435815135, 26.91711320850072], [75.81694353972989, 26.917108817191423], [75.81693848910749, 26.91710446433632], [75.8169384473949, 26.91710008046991], [75.81693339889549, 26.91709572759831], [75.81692834827406, 26.917091374742803], [75.81692329984624, 26.91708702931372], [75.81691825134799, 26.917082676441545], [75.81691324251011, 26.91708271489482], [75.81690819401244, 26.917078362022274], [75.81690318517475, 26.917078400475184], [75.81689813667764, 26.917074047602256], [75.81689312996252, 26.917074086038514], [75.816888121125, 26.91707412449089], [75.81688311440988, 26.917074162926795], [75.81687810557234, 26.91707420137882], [75.81687309885719, 26.917074239814365], [75.81686809214203, 26.91707427824974], [75.81686308330447, 26.91707431670123], [75.81685811836955, 26.91707874644566], [75.81685310953179, 26.9170787848968], [75.81684814459628, 26.917083214640893], [75.8168431378807, 26.917083253075386], [75.81683817082221, 26.917087682835437], [75.81683320581492, 26.91709210513612], [75.81682824087804, 26.917096534879533], [75.81682327381839, 26.917100964639083], [75.81682331552653, 26.91710534850562], [75.81681835058869, 26.917109778248697], [75.81681839236747, 26.917114169558143], [75.81681342530668, 26.917118599317348], [75.81681346708527, 26.917122990626794], [75.81681350886387, 26.91712738193623], [75.81681355064248, 26.917131773245664], [75.8168135924211, 26.9171361645551], [75.81668356355084, 26.917154721722135], [75.81669408025816, 26.917207325676582], [75.81677912582046, 26.917197889620866], [75.81686967938737, 26.917241103347784], [75.81694262457135, 26.91753908485751], [75.81688766733619, 26.91755268166147], [75.81689668758247, 26.917604917558304], [75.81658194257962, 26.9176742887515], [75.81656797655252, 26.91763855418856], [75.81647796559433, 26.917652412413037], [75.81637952229323, 26.91730633326219], [75.81639429401798, 26.917279870131594], [75.81651422617453, 26.917252614896725], [75.81650888319277, 26.917217522858024], [75.81636892431989, 26.917244946645912], [75.81636888255831, 26.917240555336026], [75.81636383195138, 26.917236202460074], [75.81635878346722, 26.917231849567646], [75.81635373286106, 26.917227496691314], [75.81634868437769, 26.9172231437985], [75.81634367765527, 26.917223182215416], [75.81633862705007, 26.917218829338516], [75.81633362032781, 26.91721886775508], [75.81632861148316, 26.917218906187756], [75.8163236047609, 26.917218944603963], [75.81631859803862, 26.917218983019993], [75.81631358919392, 26.917219021452127], [75.81630862423086, 26.917223451177772], [75.81630361750835, 26.91722348959327], [75.81629865042227, 26.917227919334863], [75.8162936854582, 26.917232349059997], [75.81628871837135, 26.91723677880125], [75.81628375340651, 26.91724120852605], [75.8162837951648, 26.917245599836036], [75.81627883019937, 26.91725002956066], [75.81627887195746, 26.917254420870645], [75.8162789136448, 26.917258804737735], [75.81627895540291, 26.917263196047706], [75.81627899716102, 26.917267587357685], [75.81627903884838, 26.91727197122476], [75.81628408733138, 26.917276324120042], [75.81628412908971, 26.917280715430003], [75.81628917757331, 26.91728506832509], [75.81629422817967, 26.9172894212037], [75.81629927666404, 26.9172937740984], [75.81630432727118, 26.917298126976615], [75.81630933399697, 26.917298088561015], [75.81631438248229, 26.917302441455153], [75.81631939133065, 26.9173024030229], [75.81632439805661, 26.91730236460676], [75.81632940478256, 26.91730232619044], [75.8163344136309, 26.917302287757664], [75.81641228279432, 26.917591448517186], [75.81643823934546, 26.917687842865796], [75.81653826382133, 26.91767390781796], [75.81654018046136, 26.917683493248582], [75.81540893075844, 26.91793281886002], [75.81494422679823, 26.918041750120608], [75.8146495711199, 26.918127426486006], [75.81463913858013, 26.91808359754646], [75.81463909695498, 26.91807921367798], [75.81463905525914, 26.9180748223666], [75.81463901356331, 26.91807043105521], [75.81463396517627, 26.918066085543852], [75.81463392348066, 26.91806169423246], [75.81462887290111, 26.918057341294258], [75.81462382444438, 26.918052988339607], [75.81461881556062, 26.918053026712442], [75.81461376710445, 26.91804867375741], [75.81460876034328, 26.91804871211363], [75.81460375145969, 26.918048750485937], [75.81459874469851, 26.918048788841798], [75.8145937358149, 26.91804882721374], [75.81458877074755, 26.918053256880707], [75.81458376398614, 26.918053295236046], [75.81457879679579, 26.91805772491893], [75.81457383172744, 26.918062154585385], [75.81457387342073, 26.918066545896853], [75.81456890615874, 26.91807096813651], [75.81456894785185, 26.918075359447982], [75.81456898954498, 26.91807975075944], [75.81456903116744, 26.918084134627996], [75.81456907286056, 26.918088525939467], [75.81457412343929, 26.9180928788798], [75.81456915624685, 26.918097308562373], [75.81459461110872, 26.91814101498207], [75.81390464588644, 26.918260451603093], [75.81288505263228, 26.91847460097064], [75.81280008897667, 26.918492817333924], [75.81280004735143, 26.918488426020645], [75.81279499894339, 26.91848407299971], [75.81279495731835, 26.91847968168643], [75.81278990678848, 26.918475328681524], [75.8127848583814, 26.91847097566019], [75.8127798100453, 26.91846663008157], [75.81277475951659, 26.918462277076078], [75.81276971111068, 26.918457924054167], [75.81276470220658, 26.918457962361625], [75.8127596538718, 26.918453616782244], [75.8127546470903, 26.91845365507312], [75.81274959656312, 26.918449302066687], [75.8127445897818, 26.91844934035719], [75.81273958087804, 26.91844937866375], [75.8127345740967, 26.91844941695391], [75.81272956731534, 26.91844945524388], [75.81272455841156, 26.91844949354991], [75.8127195516302, 26.91844953183953], [75.81271454484882, 26.91844957012897], [75.8127095775667, 26.918453999747868], [75.81270457078512, 26.918454038036955], [75.81269960343187, 26.918458460212605], [75.81269459665008, 26.918458498501348], [75.81268963148919, 26.918462928103327], [75.81268466420552, 26.918467357721372], [75.81267969897333, 26.91847177988011], [75.81267473168886, 26.918476209497815], [75.81266976652644, 26.91848063909913], [75.81266980814664, 26.91848503041255], [75.81266484298365, 26.918489460013692], [75.81266488460366, 26.918493851327117], [75.81266492622369, 26.91849824264054], [75.81265995893752, 26.918502672257752], [75.81266000055736, 26.91850706357117], [75.81266004210667, 26.91851144744169], [75.81266008372656, 26.918515838755106], [75.81266012534643, 26.918520230068513], [75.81266016689577, 26.918524613939027], [75.81233020465201, 26.91858421314245], [75.81222516993572, 26.91859819096771], [75.8122310558177, 26.918641357491207], [75.81217580057003, 26.918673203752846], [75.81216019587318, 26.91861186251354], [75.81204522845583, 26.91863468450375], [75.81205044535098, 26.91865660279186], [75.81198546910946, 26.91867027427459], [75.81125572764688, 26.918820728543544], [75.81090093527142, 26.91890246477631], [75.81089067030027, 26.9188762007946], [75.81089062874837, 26.91887180947935], [75.81088557827181, 26.918867456405295], [75.81088553672011, 26.918863065090033], [75.81088048836656, 26.918858711999576], [75.81087544001339, 26.918854358908927], [75.81087043108927, 26.91885439714957], [75.81086538280711, 26.918850051501458], [75.81086037388317, 26.918850089741746], [75.81085536708164, 26.918850127965648], [75.81085036028011, 26.918850166189372], [75.81084535135615, 26.91885020442913], [75.8108403860341, 26.91885462652492], [75.81083537923236, 26.91885466474812], [75.81083041185771, 26.91885909430268], [75.81082544660511, 26.918863523840862], [75.81082548815448, 26.918867915156188], [75.81082052077889, 26.918872344710415], [75.81082056232808, 26.918876736025744], [75.81082060387727, 26.918881127341066], [75.81082064542647, 26.918885518656396], [75.81082068697569, 26.918889909971718], [75.81082573745086, 26.91889426304811], [75.81083604388829, 26.91892491090715], [75.81081108871687, 26.918933884683987], [75.81023608232461, 26.919030467669877], [75.80901674617128, 26.919307581156875], [75.80888111591123, 26.918733474547725], [75.8088759017437, 26.918711556112918], [75.80888086713816, 26.91870713408457], [75.80888583458436, 26.918702704596974], [75.8088857931103, 26.918698313279293], [75.8088907585038, 26.91869389125061], [75.80889071702956, 26.918689499932928], [75.80889067555533, 26.918685108615247], [75.80889063408111, 26.918680717297555], [75.8088905926069, 26.918676325979867], [75.80888554433643, 26.918671972816046], [75.80888550286244, 26.918667581498333], [75.80888045247013, 26.918663228350493], [75.80887540420065, 26.91865887518629], [75.8088703538794, 26.918654529480982], [75.80886534708388, 26.918654567634118], [75.80886029881535, 26.918650214469334], [75.80885528989758, 26.918650252638287], [75.80885028310222, 26.9186502907909], [75.80884527418443, 26.918650328959504], [75.80884026738906, 26.918650367111745], [75.80883526059368, 26.918650405263822], [75.8088302931477, 26.918654834749663], [75.80882528635209, 26.918654872901396], [75.80882031883525, 26.918659294943982], [75.8088153535107, 26.918663724413147], [75.80881038818579, 26.918668153882138], [75.80880053835381, 26.91868579547138], [75.80880066269575, 26.91869896198183], [75.8087756659327, 26.918703544083787], [75.80716130597058, 26.919045111501173], [75.80710133885529, 26.919058742635738], [75.8071012974498, 26.91905435131621], [75.80710125604432, 26.91904995999668], [75.80710121463883, 26.919045568677152], [75.80710117330355, 26.919041184800527], [75.80709612402212, 26.919036831579845], [75.80709608261687, 26.919032440260295], [75.80709103340621, 26.91902809448232], [75.80708598412578, 26.919023741261242], [75.80708093590694, 26.9190193880319], [75.80707588662727, 26.919015034810435], [75.80707087875226, 26.919015072908365], [75.80706582947317, 26.91901071968653], [75.80706082159833, 26.919010757784097], [75.80705581478468, 26.919010795873422], [75.80705080690981, 26.919010833970635], [75.80704579903495, 26.91901087206768], [75.80704079116006, 26.91901091016454], [75.8070357843464, 26.919010948253153], [75.8070308178742, 26.9190153776693], [75.8070258099991, 26.91901541576563], [75.80702084352633, 26.91901984518144], [75.80701587811437, 26.919024274588995], [75.80701091164083, 26.91902870400446], [75.8070059450967, 26.91903312597684], [75.80700598649848, 26.91903751729649], [75.80700102002396, 26.91904194671162], [75.80700106135538, 26.919046330588355], [75.807001102757, 26.919050721907997], [75.8070011441586, 26.919055113227646], [75.80700118556022, 26.919059504547285], [75.80700122696186, 26.919063895866927], [75.80700126836349, 26.919068287186565], [75.8070063176428, 26.919072640410672], [75.80700635904465, 26.919077031730303], [75.80701140832454, 26.919081384954207], [75.80701645753463, 26.919085730735013], [75.8070215057541, 26.919090083966612], [75.80702655503514, 26.919094437189944], [75.80703156291372, 26.91909439909351], [75.80703661212517, 26.91909874487356], [75.80704161894272, 26.919098706784826], [75.80704662682147, 26.91909866868785], [75.8070516347002, 26.919098630590696], [75.80705664257894, 26.919098592493363], [75.80706164939646, 26.91909855440393], [75.80706665727519, 26.919098516306235], [75.80707162381965, 26.919094094331747], [75.80715485136368, 26.919422736958722], [75.80723770585858, 26.91971187997701], [75.80733666094513, 26.92011503822863], [75.8074765064804, 26.92060570296207], [75.80747149853568, 26.920605741075768], [75.80746653307406, 26.920610170499355], [75.80746156655083, 26.920614599930843], [75.8074566000272, 26.920619029362168], [75.8074566414487, 26.920623420680315], [75.80745167485429, 26.92062784266855], [75.80745171627561, 26.92063223398669], [75.80745175769694, 26.920636625304823], [75.80745179904807, 26.920641009180052], [75.80745184046943, 26.92064540049818], [75.80745188189078, 26.920649791816306], [75.80745693125901, 26.920654145021377], [75.80745697268057, 26.92065853633949], [75.8074620220494, 26.920662889544367], [75.80746707141861, 26.920667242749047], [75.80747211972698, 26.920671595961608], [75.80747712767459, 26.92067155784782], [75.80748217704478, 26.920675911051934], [75.80748718499257, 26.92067587293778], [75.8074921918791, 26.920675834831535], [75.80749719982688, 26.92067579671703], [75.80750220777466, 26.920675758602346], [75.80750721572241, 26.92067572048749], [75.80751218224643, 26.920671291054404], [75.80751718913277, 26.920671252947276], [75.80752215565619, 26.92066682351386], [75.80752712217924, 26.920662394080267], [75.80753208870189, 26.920657964646516], [75.80753204727742, 26.92065357332848], [75.80753701379949, 26.920649143894558], [75.80753697237485, 26.92064475257653], [75.8075369309502, 26.920640361258496], [75.80753688959578, 26.920635977383373], [75.80753684817115, 26.920631586065333], [75.80805152348329, 26.920509131008146], [75.80821632224227, 26.920459582937987], [75.80858476201756, 26.921822187084977], [75.80882982912311, 26.922847678719076], [75.80916665986726, 26.924043684263996], [75.80947170859518, 26.92505554216582], [75.80962283240045, 26.92567782986517], [75.8096965118061, 26.926054840084845], [75.80921165306111, 26.926155127103282], [75.80920660447292, 26.926150777684686], [75.80920155584994, 26.926146424544438], [75.80919654660161, 26.926146462732852], [75.80919149797921, 26.926142109592238], [75.8091864472698, 26.926137760189054], [75.80918144014439, 26.926137798360756], [75.80917639152295, 26.92613344521956], [75.80917138227515, 26.926133483407078], [75.80916637514991, 26.92613352157823], [75.8091613659021, 26.92613355976539], [75.80915635877685, 26.926133597936186], [75.80915135165158, 26.92613363610681], [75.80914634240375, 26.92613367429344], [75.80914137677313, 26.92613810377645], [75.80913636964765, 26.92613814194655], [75.80913140185872, 26.92614256772395], [75.80912643622713, 26.926146997206448], [75.80912142697868, 26.926147035392212], [75.8091214684726, 26.92615142670497], [75.80911650280507, 26.926155852465687], [75.80911153717231, 26.92616028194768], [75.80911157866586, 26.92616467326045], [75.8091066108748, 26.92616909903701], [75.80910665236819, 26.926173490349772], [75.80910669386157, 26.926177881662536], [75.8091067353198, 26.92618226925384], [75.8091067768132, 26.926186660566596], [75.80910681830662, 26.926191051879346], [75.80910685976487, 26.926195439470646], [75.80911191050909, 26.926199792598105], [75.80911195200271, 26.92620418391084], [75.80911700058981, 26.926208533332822], [75.80912204921246, 26.926212886476073], [75.8091220907065, 26.926217277788787], [75.80912709995805, 26.92621723960294], [75.80913214854631, 26.926221589024347], [75.80913719929268, 26.926225942150843], [75.80914220642204, 26.926225903980622], [75.80915722993264, 26.926225789452744], [75.80917258530586, 26.926260794260052], [75.80922754989821, 26.926247204066605], [75.8092120679302, 26.92619902906532], [75.80921190197544, 26.92618146753625], [75.80968170968504, 26.92608034346304], [75.80939630451395, 26.92657208103549], [75.8098106309453, 26.92647105898557], [75.8097378203569, 26.926186240381135], [75.80985283732059, 26.926167800260377]], [[75.81692887421937, 26.91759782343681], [75.81692810350462, 26.917591881010736], [75.81699812487388, 26.917582560163066], [75.81692887421937, 26.91759782343681]], [[75.81013811191062, 26.930371273578803], [75.81032650759416, 26.93056686737887], [75.81019513277163, 26.930586321624595], [75.81013811191062, 26.930371273578803]]], [[[75.8392952522964, 26.934268688867988], [75.83910018606531, 26.934296559847436], [75.83908982570665, 26.934261519348137], [75.83905481414162, 26.93426618531808], [75.83903401238223, 26.93418732173246], [75.83906397594106, 26.934178303718944], [75.83906389064683, 26.934169524895466], [75.83903247691532, 26.934029280578695], [75.83899746113745, 26.934033942844795], [75.83896108060426, 26.93389812531164], [75.83943605411423, 26.933810988370272], [75.83945613069723, 26.933815218876045], [75.83946122560367, 26.9338239621504], [75.83956544067262, 26.934240228693678], [75.83936044503359, 26.934276961089218], [75.83937071591308, 26.934303222777313], [75.83959074029393, 26.934266372541252], [75.83959078297967, 26.934270763813], [75.8395958352319, 26.93427511580948], [75.83960088320296, 26.934279464117637], [75.83960593545596, 26.934283816113727], [75.83961098770936, 26.934288168109624], [75.83961599303099, 26.93428812886691], [75.83962100259801, 26.93428808959073], [75.83962601216503, 26.934288050314372], [75.83963102173202, 26.93428801103784], [75.8396359843661, 26.93428358052272], [75.83964095124519, 26.93427914997416], [75.83964591816006, 26.93427472314683], [75.83965088079296, 26.93427029263122], [75.83965083810489, 26.93426590135953], [75.83965079545301, 26.93426151380927], [75.83965075276495, 26.93425712253758], [75.83965071007691, 26.934252731265893], [75.83964566210523, 26.93424838295952], [75.83964060985235, 26.93424403096483], [75.83963555759986, 26.93423967896995], [75.83963050962933, 26.934235330662997], [75.83962550006467, 26.93423536993946], [75.83962049049998, 26.93423540921575], [75.8396154809353, 26.93423544849185], [75.83961047561598, 26.934235487734497], [75.83949093301592, 26.933788603858563], [75.83949089037094, 26.933784216307814], [75.83948583814505, 26.933779864306672], [75.8394857954641, 26.93377547303449], [75.83948074327498, 26.933771124754564], [75.83947569529545, 26.933766772719753], [75.83947068575125, 26.933766811990246], [75.83946563352693, 26.933762459988348], [75.8394606282283, 26.933762499225192], [75.83945561868428, 26.933762538495145], [75.83945060914026, 26.933762577764917], [75.83944564652097, 26.93376700827348], [75.83944063697672, 26.933767047542894], [75.83943567011147, 26.93377147808439], [75.83943070320966, 26.933775904904305], [75.83943074588846, 26.93378029617656], [75.83942578326764, 26.933784726684443], [75.839255714473, 26.933808010308443], [75.83894070547535, 26.933863163268796], [75.83891468535472, 26.933762389954328], [75.83879489018479, 26.933289165187187], [75.83877489898671, 26.93329371340955], [75.83891545299758, 26.93384141053721], [75.83898269261171, 26.934060400765247], [75.83895764906784, 26.93406059699665], [75.83898910962476, 26.93420523257067], [75.8390191158918, 26.934200609560417], [75.83906071518044, 26.934358336764785], [75.83908571612305, 26.93435374924127], [75.83930577917252, 26.934321294472227], [75.8392952522964, 26.934268688867988]]], [[[75.8332033594554, 26.934127521850524], [75.8332035291361, 26.93414507952557], [75.83310357535325, 26.934167812934547], [75.83309334832374, 26.934145938314177], [75.83298333718993, 26.934164358414254], [75.83298529787866, 26.934171694072866], [75.83336910850316, 26.934255230557387], [75.83332330479885, 26.93410024463844], [75.8332033594554, 26.934127521850524]]], [[[75.83915530260211, 26.93481419605432], [75.83916030794758, 26.93481415682723], [75.83916531753846, 26.934814117566685], [75.83917032712934, 26.93481407830597], [75.8391753367202, 26.934814039045072], [75.839180299395, 26.934809608545365], [75.83918530898565, 26.93480956928412], [75.83919027590527, 26.9348051387508], [75.8391902332704, 26.93480075120032], [75.83919519594401, 26.934796320700112], [75.83919515327281, 26.93479192942821], [75.83919511063777, 26.934787541877732], [75.83919506796659, 26.934783150605824], [75.83919001995153, 26.934778798562203], [75.83918997731672, 26.9347744110117], [75.83918492505684, 26.93477005900115], [75.83917991546794, 26.934770098262337], [75.83917486745405, 26.934765746218147], [75.83911182188065, 26.93446330505359], [75.83895501253005, 26.934820153474575], [75.83865994943487, 26.93486637006436], [75.83815517750543, 26.934980083699365], [75.83806023364951, 26.935002777664558], [75.838070589521, 26.93503781827485], [75.83845533173262, 26.934942607776055], [75.83878524059062, 26.934874168029587], [75.83915530260211, 26.93481419605432]]], [[[75.8374704625023, 26.935159891487046], [75.83747074006499, 26.935161057058995], [75.838070589521, 26.93503781827485], [75.8374704625023, 26.935159891487046]]]]}}]}